table,metric,value
train_source1,rows,2206821.0
train_source1,unique_entity_ids,2206821.0
train_source1,duplicate_entity_id_rows,0.0
train_source1,n_countries_distinct_raw,2.0
train_source1,country_count::US,1323633.0
train_source1,country_pct::US,0.599792
train_source1,country_count::India,883188.0
train_source1,country_pct::India,0.400208
train_source1,missing_country_n,0.0
train_source1,missing_country_rate,0.0
train_source1,missing_name_n,0.0
train_source1,missing_name_rate,0.0
train_source1,empty_string_name_n,0.0
train_source1,name_len_mean,24.034
train_source1,name_len_p10,14.0
train_source1,name_len_p25,18.0
train_source1,name_len_median,24.0
train_source1,name_len_p75,30.0
train_source1,name_len_p90,34.0
train_source1,name_len_p99,42.0
train_source1,name_len_max,105.0
train_source1,missing_address_n,0.0
train_source1,missing_address_rate,0.0
train_source1,empty_string_address_n,0.0
train_source1,address_len_mean,52.066
train_source1,address_len_p10,29.0
train_source1,address_len_p25,33.0
train_source1,address_len_median,41.0
train_source1,address_len_p75,70.0
train_source1,address_len_p90,90.0
train_source1,address_len_p99,124.0
train_source1,address_len_max,256.0
train_source2,rows,5034616.0
train_source2,unique_entity_ids,5034616.0
train_source2,duplicate_entity_id_rows,0.0
train_source2,n_countries_distinct_raw,2.0
train_source2,country_count::US,3016817.0
train_source2,country_pct::US,0.599215
train_source2,country_count::India,2017799.0
train_source2,country_pct::India,0.400785
train_source2,missing_country_n,0.0
train_source2,missing_country_rate,0.0
train_source2,missing_name_n,0.0
train_source2,missing_name_rate,0.0
train_source2,empty_string_name_n,0.0
train_source2,name_len_mean,25.104
train_source2,name_len_p10,14.0
train_source2,name_len_p25,19.0
train_source2,name_len_median,25.0
train_source2,name_len_p75,31.0
train_source2,name_len_p90,37.0
train_source2,name_len_p99,48.0
train_source2,name_len_max,104.0
train_source2,missing_address_n,168967.0
train_source2,missing_address_rate,0.033561
train_source2,empty_string_address_n,168967.0
train_source2,address_len_mean,46.226
train_source2,address_len_p10,26.0
train_source2,address_len_p25,30.0
train_source2,address_len_median,37.0
train_source2,address_len_p75,61.0
train_source2,address_len_p90,83.0
train_source2,address_len_p99,118.0
train_source2,address_len_max,249.0
train_source3,rows,5285603.0
train_source3,unique_entity_ids,5285603.0
train_source3,duplicate_entity_id_rows,0.0
train_source3,n_countries_distinct_raw,2.0
train_source3,country_count::US,3170056.0
train_source3,country_pct::US,0.599753
train_source3,country_count::India,2115547.0
train_source3,country_pct::India,0.400247
train_source3,missing_country_n,0.0
train_source3,missing_country_rate,0.0
train_source3,missing_name_n,0.0
train_source3,missing_name_rate,0.0
train_source3,empty_string_name_n,0.0
train_source3,name_len_mean,25.202
train_source3,name_len_p10,14.0
train_source3,name_len_p25,18.0
train_source3,name_len_median,25.0
train_source3,name_len_p75,31.0
train_source3,name_len_p90,37.0
train_source3,name_len_p99,50.0
train_source3,name_len_max,123.0
train_source3,missing_address_n,175916.0
train_source3,missing_address_rate,0.033282
train_source3,empty_string_address_n,175916.0
train_source3,address_len_mean,46.714
train_source3,address_len_p10,28.0
train_source3,address_len_p25,35.0
train_source3,address_len_median,42.0
train_source3,address_len_p75,54.0
train_source3,address_len_p90,77.0
train_source3,address_len_p99,115.0
train_source3,address_len_max,240.0
test_source1,rows,1732544.0
test_source1,unique_entity_ids,1732544.0
test_source1,duplicate_entity_id_rows,0.0
test_source1,n_countries_distinct_raw,3.0
test_source1,country_count::India,809986.0
test_source1,country_pct::India,0.467513
test_source1,country_count::US,663106.0
test_source1,country_pct::US,0.382735
test_source1,country_count::France,259452.0
test_source1,country_pct::France,0.149752
test_source1,missing_country_n,0.0
test_source1,missing_country_rate,0.0
test_source1,missing_name_n,0.0
test_source1,missing_name_rate,0.0
test_source1,empty_string_name_n,0.0
test_source1,name_len_mean,23.836
test_source1,name_len_p10,14.0
test_source1,name_len_p25,18.0
test_source1,name_len_median,24.0
test_source1,name_len_p75,29.0
test_source1,name_len_p90,34.0
test_source1,name_len_p99,42.0
test_source1,name_len_max,92.0
test_source1,missing_address_n,0.0
test_source1,missing_address_rate,0.0
test_source1,empty_string_address_n,0.0
test_source1,address_len_mean,57.213
test_source1,address_len_p10,31.0
test_source1,address_len_p25,36.0
test_source1,address_len_median,50.0
test_source1,address_len_p75,74.0
test_source1,address_len_p90,93.0
test_source1,address_len_p99,126.0
test_source1,address_len_max,268.0
test_source2,rows,4887273.0
test_source2,unique_entity_ids,4887273.0
test_source2,duplicate_entity_id_rows,0.0
test_source2,n_countries_distinct_raw,3.0
test_source2,country_count::India,2312565.0
test_source2,country_pct::India,0.473181
test_source2,country_count::US,1871330.0
test_source2,country_pct::US,0.382899
test_source2,country_count::France,703378.0
test_source2,country_pct::France,0.14392
test_source2,missing_country_n,0.0
test_source2,missing_country_rate,0.0
test_source2,missing_name_n,0.0
test_source2,missing_name_rate,0.0
test_source2,empty_string_name_n,0.0
test_source2,name_len_mean,25.704
test_source2,name_len_p10,14.0
test_source2,name_len_p25,19.0
test_source2,name_len_median,25.0
test_source2,name_len_p75,32.0
test_source2,name_len_p90,38.0
test_source2,name_len_p99,49.0
test_source2,name_len_max,102.0
test_source2,missing_address_n,129408.0
test_source2,missing_address_rate,0.026479
test_source2,empty_string_address_n,129408.0
test_source2,address_len_mean,50.413
test_source2,address_len_p10,27.0
test_source2,address_len_p25,32.0
test_source2,address_len_median,43.0
test_source2,address_len_p75,67.0
test_source2,address_len_p90,87.0
test_source2,address_len_p99,120.0
test_source2,address_len_max,269.0
test_source3,rows,5082316.0
test_source3,unique_entity_ids,5082316.0
test_source3,duplicate_entity_id_rows,0.0
test_source3,n_countries_distinct_raw,3.0
test_source3,country_count::India,2405000.0
test_source3,country_pct::India,0.473209
test_source3,country_count::US,1945701.0
test_source3,country_pct::US,0.382837
test_source3,country_count::France,731615.0
test_source3,country_pct::France,0.143953
test_source3,missing_country_n,0.0
test_source3,missing_country_rate,0.0
test_source3,missing_name_n,0.0
test_source3,missing_name_rate,0.0
test_source3,empty_string_name_n,0.0
test_source3,name_len_mean,25.655
test_source3,name_len_p10,14.0
test_source3,name_len_p25,19.0
test_source3,name_len_median,25.0
test_source3,name_len_p75,32.0
test_source3,name_len_p90,38.0
test_source3,name_len_p99,50.0
test_source3,name_len_max,103.0
test_source3,missing_address_n,136098.0
test_source3,missing_address_rate,0.026779
test_source3,empty_string_address_n,136098.0
test_source3,address_len_mean,48.74
test_source3,address_len_p10,28.0
test_source3,address_len_p25,35.0
test_source3,address_len_median,43.0
test_source3,address_len_p75,59.0
test_source3,address_len_p90,81.0
test_source3,address_len_p99,117.0
test_source3,address_len_max,267.0
