breakdown,feature,n,mean,p10,p50,p90,rate_eq_1,source_pair,s1_country,addr_missing_bucket,name_exact_bucket,s1_match_bucket
overall,name_exact,6000,0.2135,0.0,0.0,1.0,0.2135,,,,,
overall,name_ratio,6000,0.7951490545341414,0.49931506849315055,0.875,1.0,0.2135,,,,,
overall,name_token_set,6000,0.8634536531573113,0.4725133689839572,1.0,1.0,0.5261666666666667,,,,,
overall,name_wratio,6000,0.856353404579908,0.6449308755760368,0.95,1.0,0.2135,,,,,
overall,name_jaro_winkler,6000,0.8792681853690458,0.6324661202412775,0.9456702654071074,1.0,0.2135,,,,,
overall,name_len_s1,6000,24.060833333333335,15.0,24.0,34.0,0.0,,,,,
overall,name_len_cand,6000,23.2075,13.0,23.0,34.0,0.0,,,,,
overall,name_len_ratio,6000,0.8679746646991525,0.6205254515599343,0.9333333333333333,1.0,0.39066666666666666,,,,,
overall,name_sorted_token_equal,6000,0.26666666666666666,0.0,0.0,1.0,0.26666666666666666,,,,,
overall,addr_exact,6000,0.081,0.0,0.0,0.0,0.081,,,,,
overall,addr_ratio,6000,0.756908228075505,0.4661242146462045,0.8307692307692307,0.9762092238470191,0.081,,,,,
overall,addr_token_jaccard,6000,0.5995167998579938,0.25,0.625,1.0,0.12633333333333333,,,,,
overall,addr_containment_s1_in_cand,6000,0.7124562494753369,0.375,0.8,1.0,0.17716666666666667,,,,,
overall,addr_containment_cand_in_s1,6000,0.7261803629394933,0.42857142857142855,0.8,1.0,0.1915,,,,,
overall,addr_len_ratio,6000,0.8147086400509387,0.5263157894736842,0.8888888888888888,1.0,0.15183333333333332,,,,,
overall,country_equal,6000,1.0,1.0,1.0,1.0,1.0,,,,,
overall,s1_name_missing,6000,0.0,0.0,0.0,0.0,0.0,,,,,
overall,cand_name_missing,6000,0.0,0.0,0.0,0.0,0.0,,,,,
overall,s1_addr_missing,6000,0.0,0.0,0.0,0.0,0.0,,,,,
overall,cand_addr_missing,6000,0.04533333333333334,0.0,0.0,0.0,0.04533333333333334,,,,,
overall,either_addr_missing,6000,0.04533333333333334,0.0,0.0,0.0,0.04533333333333334,,,,,
overall,numeric_exact_set,6000,0.571,0.0,1.0,1.0,0.571,,,,,
overall,numeric_any_overlap,6000,0.7496666666666667,0.0,1.0,1.0,0.7496666666666667,,,,,
overall,numeric_conflict,6000,0.11733333333333333,0.0,0.0,1.0,0.11733333333333333,,,,,
overall,numeric_one_side_missing,6000,0.099,0.0,0.0,0.0,0.099,,,,,
overall,numeric_both_missing,6000,0.034,0.0,0.0,0.0,0.034,,,,,
overall,numeric_jaccard,6000,0.6892138888888888,0.0,1.0,1.0,0.605,,,,,
overall,postcode_any_overlap,6000,0.042333333333333334,0.0,0.0,0.0,0.042333333333333334,,,,,
overall,postcode_both_present,6000,0.0455,0.0,0.0,0.0,0.0455,,,,,
overall,house_number_agree,6000,0.6576666666666666,0.0,1.0,1.0,0.6576666666666666,,,,,
source_pair,name_exact,2908,0.21011004126547456,0.0,0.0,1.0,0.21011004126547456,S1_S2,,,,
source_pair,name_ratio,2908,0.7895629891494753,0.4,0.8771929824561404,1.0,0.21011004126547456,S1_S2,,,,
source_pair,name_token_set,2908,0.8513896792843884,0.34137931034482744,1.0,1.0,0.5178817056396149,S1_S2,,,,
source_pair,name_wratio,2908,0.8454231970087663,0.5105660377358489,0.95,1.0,0.21011004126547456,S1_S2,,,,
source_pair,name_jaro_winkler,2908,0.878157175249052,0.5819314944314944,0.9466666666666667,1.0,0.21011004126547456,S1_S2,,,,
source_pair,name_len_s1,2908,23.97799174690509,15.0,24.0,34.0,0.0,S1_S2,,,,
source_pair,name_len_cand,2908,22.960797799174692,13.0,23.0,33.0,0.0,S1_S2,,,,
source_pair,name_len_ratio,2908,0.878403675134758,0.6666666666666666,0.936491935483871,1.0,0.390302613480055,S1_S2,,,,
source_pair,name_sorted_token_equal,2908,0.26753782668500686,0.0,0.0,1.0,0.26753782668500686,S1_S2,,,,
source_pair,addr_exact,2908,0.12551581843191198,0.0,0.0,1.0,0.12551581843191198,S1_S2,,,,
source_pair,addr_ratio,2908,0.7913217097208518,0.5203835616438357,0.8626225490196079,1.0,0.12551581843191198,S1_S2,,,,
source_pair,addr_token_jaccard,2908,0.6802090925809063,0.36363636363636365,0.7,1.0,0.1997936726272352,S1_S2,,,,
source_pair,addr_containment_s1_in_cand,2908,0.7741022442819995,0.5,0.8333333333333334,1.0,0.26753782668500686,S1_S2,,,,
source_pair,addr_containment_cand_in_s1,2908,0.7921916501979775,0.5555555555555556,0.8333333333333334,1.0,0.3294360385144429,S1_S2,,,,
source_pair,addr_len_ratio,2908,0.8406078563362828,0.643968253968254,0.90625,1.0,0.22145804676753783,S1_S2,,,,
source_pair,country_equal,2908,1.0,1.0,1.0,1.0,1.0,S1_S2,,,,
source_pair,s1_name_missing,2908,0.0,0.0,0.0,0.0,0.0,S1_S2,,,,
source_pair,cand_name_missing,2908,0.0,0.0,0.0,0.0,0.0,S1_S2,,,,
source_pair,s1_addr_missing,2908,0.0,0.0,0.0,0.0,0.0,S1_S2,,,,
source_pair,cand_addr_missing,2908,0.04470426409903714,0.0,0.0,0.0,0.04470426409903714,S1_S2,,,,
source_pair,either_addr_missing,2908,0.04470426409903714,0.0,0.0,0.0,0.04470426409903714,S1_S2,,,,
source_pair,numeric_exact_set,2908,0.5605226960110041,0.0,1.0,1.0,0.5605226960110041,S1_S2,,,,
source_pair,numeric_any_overlap,2908,0.7482806052269602,0.0,1.0,1.0,0.7482806052269602,S1_S2,,,,
source_pair,numeric_conflict,2908,0.11795048143053645,0.0,0.0,1.0,0.11795048143053645,S1_S2,,,,
source_pair,numeric_one_side_missing,2908,0.1031636863823934,0.0,0.0,1.0,0.1031636863823934,S1_S2,,,,
source_pair,numeric_both_missing,2908,0.030605226960110043,0.0,0.0,0.0,0.030605226960110043,S1_S2,,,,
source_pair,numeric_jaccard,2908,0.6814076111875287,0.0,1.0,1.0,0.5911279229711142,S1_S2,,,,
source_pair,postcode_any_overlap,2908,0.03679504814305364,0.0,0.0,0.0,0.03679504814305364,S1_S2,,,,
source_pair,postcode_both_present,2908,0.0405777166437414,0.0,0.0,0.0,0.0405777166437414,S1_S2,,,,
source_pair,house_number_agree,2908,0.6509628610729024,0.0,1.0,1.0,0.6509628610729024,S1_S2,,,,
source_pair,name_exact,3092,0.2166882276843467,0.0,0.0,1.0,0.2166882276843467,S1_S3,,,,
source_pair,name_ratio,3092,0.8004027020563304,0.5240601503759399,0.875,1.0,0.2166882276843467,S1_S3,,,,
source_pair,name_token_set,3092,0.8747997191412892,0.5386694386694387,1.0,1.0,0.5339586028460543,S1_S3,,,,
source_pair,name_wratio,3092,0.8666331728906714,0.7060084033613445,0.95,1.0,0.2166882276843467,S1_S3,,,,
source_pair,name_jaro_winkler,3092,0.8803130810446417,0.6666666666666666,0.9433838383838384,1.0,0.2166882276843467,S1_S3,,,,
source_pair,name_len_s1,3092,24.138745148771022,15.0,24.0,34.0,0.0,S1_S3,,,,
source_pair,name_len_cand,3092,23.439521345407503,13.0,23.0,35.0,0.0,S1_S3,,,,
source_pair,name_len_ratio,3092,0.8581662680798959,0.5885026737967916,0.9285714285714286,1.0,0.3910090556274256,S1_S3,,,,
source_pair,name_sorted_token_equal,3092,0.26584734799482534,0.0,0.0,1.0,0.26584734799482534,S1_S3,,,,
source_pair,addr_exact,3092,0.039133247089262614,0.0,0.0,0.0,0.039133247089262614,S1_S3,,,,
source_pair,addr_ratio,3092,0.7245426379640341,0.4222535211267606,0.8022392714570858,0.9411064425770308,0.039133247089262614,S1_S3,,,,
source_pair,addr_token_jaccard,3092,0.5236263770771951,0.2222222222222222,0.5,0.8461538461538461,0.05724450194049159,S1_S3,,,,
source_pair,addr_containment_s1_in_cand,3092,0.6544787097283203,0.3125,0.6666666666666666,0.9411764705882353,0.09217335058214748,S1_S3,,,,
source_pair,addr_containment_cand_in_s1,3092,0.6640973023483961,0.4,0.7142857142857143,0.9166666666666666,0.06177231565329883,S1_S3,,,,
source_pair,addr_len_ratio,3092,0.7903506449158222,0.4057099352874002,0.868421052631579,0.9852941176470589,0.08635187580853816,S1_S3,,,,
source_pair,country_equal,3092,1.0,1.0,1.0,1.0,1.0,S1_S3,,,,
source_pair,s1_name_missing,3092,0.0,0.0,0.0,0.0,0.0,S1_S3,,,,
source_pair,cand_name_missing,3092,0.0,0.0,0.0,0.0,0.0,S1_S3,,,,
source_pair,s1_addr_missing,3092,0.0,0.0,0.0,0.0,0.0,S1_S3,,,,
source_pair,cand_addr_missing,3092,0.04592496765847348,0.0,0.0,0.0,0.04592496765847348,S1_S3,,,,
source_pair,either_addr_missing,3092,0.04592496765847348,0.0,0.0,0.0,0.04592496765847348,S1_S3,,,,
source_pair,numeric_exact_set,3092,0.5808538163001293,0.0,1.0,1.0,0.5808538163001293,S1_S3,,,,
source_pair,numeric_any_overlap,3092,0.7509702457956016,0.0,1.0,1.0,0.7509702457956016,S1_S3,,,,
source_pair,numeric_conflict,3092,0.1167529107373868,0.0,0.0,1.0,0.1167529107373868,S1_S3,,,,
source_pair,numeric_one_side_missing,3092,0.09508408796895214,0.0,0.0,0.0,0.09508408796895214,S1_S3,,,,
source_pair,numeric_both_missing,3092,0.03719275549805951,0.0,0.0,0.0,0.03719275549805951,S1_S3,,,,
source_pair,numeric_jaccard,3092,0.6965556274256145,0.0,1.0,1.0,0.6180465717981889,S1_S3,,,,
source_pair,postcode_any_overlap,3092,0.04754204398447607,0.0,0.0,0.0,0.04754204398447607,S1_S3,,,,
source_pair,postcode_both_present,3092,0.05012936610608021,0.0,0.0,0.0,0.05012936610608021,S1_S3,,,,
source_pair,house_number_agree,3092,0.6639715394566623,0.0,1.0,1.0,0.6639715394566623,S1_S3,,,,
s1_country,name_exact,2442,0.14742014742014742,0.0,0.0,1.0,0.14742014742014742,,India,,,
s1_country,name_ratio,2442,0.7021751895440057,0.10526315789473684,0.8181818181818181,1.0,0.14742014742014742,,India,,,
s1_country,name_token_set,2442,0.7754578356623089,0.11764705882352942,0.9411764705882354,1.0,0.40540540540540543,,India,,,
s1_country,name_wratio,2442,0.7678984441210663,0.11176470588235295,0.9090909090909091,1.0,0.14742014742014742,,India,,,
s1_country,name_jaro_winkler,2442,0.8139342358323356,0.4023809523809523,0.9157894736842105,1.0,0.14742014742014742,,India,,,
s1_country,name_len_s1,2442,26.303030303030305,16.0,27.0,35.0,0.0,,India,,,
s1_country,name_len_cand,2442,24.94226044226044,14.0,25.0,35.0,0.0,,India,,,
s1_country,name_len_ratio,2442,0.858831734375827,0.6176470588235294,0.9136645962732919,1.0,0.3247338247338247,,India,,,
s1_country,name_sorted_token_equal,2442,0.19492219492219492,0.0,0.0,1.0,0.19492219492219492,,India,,,
s1_country,addr_exact,2442,0.07452907452907453,0.0,0.0,0.0,0.07452907452907453,,India,,,
s1_country,addr_ratio,2442,0.7451798221075414,0.4,0.8256880733944953,0.9775025536261491,0.07452907452907453,,India,,,
s1_country,addr_token_jaccard,2442,0.664074581098399,0.2608695652173913,0.721111111111111,1.0,0.12694512694512694,,India,,,
s1_country,addr_containment_s1_in_cand,2442,0.7629776065748729,0.3125,0.875,1.0,0.22358722358722358,,India,,,
s1_country,addr_containment_cand_in_s1,2442,0.7851319880106866,0.5384615384615384,0.8333333333333334,1.0,0.23013923013923013,,India,,,
s1_country,addr_len_ratio,2442,0.7915034669667829,0.3670886075949367,0.8941176470588236,1.0,0.138001638001638,,India,,,
s1_country,country_equal,2442,1.0,1.0,1.0,1.0,1.0,,India,,,
s1_country,s1_name_missing,2442,0.0,0.0,0.0,0.0,0.0,,India,,,
s1_country,cand_name_missing,2442,0.0,0.0,0.0,0.0,0.0,,India,,,
s1_country,s1_addr_missing,2442,0.0,0.0,0.0,0.0,0.0,,India,,,
s1_country,cand_addr_missing,2442,0.03931203931203931,0.0,0.0,0.0,0.03931203931203931,,India,,,
s1_country,either_addr_missing,2442,0.03931203931203931,0.0,0.0,0.0,0.03931203931203931,,India,,,
s1_country,numeric_exact_set,2442,0.5798525798525799,0.0,1.0,1.0,0.5798525798525799,,India,,,
s1_country,numeric_any_overlap,2442,0.7923832923832924,0.0,1.0,1.0,0.7923832923832924,,India,,,
s1_country,numeric_conflict,2442,0.06797706797706797,0.0,0.0,0.0,0.06797706797706797,,India,,,
s1_country,numeric_one_side_missing,2442,0.0561015561015561,0.0,0.0,0.0,0.0561015561015561,,India,,,
s1_country,numeric_both_missing,2442,0.08353808353808354,0.0,0.0,0.0,0.08353808353808354,,India,,,
s1_country,numeric_jaccard,2442,0.7673150423150423,0.0,1.0,1.0,0.6633906633906634,,India,,,
s1_country,postcode_any_overlap,2442,0.0,0.0,0.0,0.0,0.0,,India,,,
s1_country,postcode_both_present,2442,0.0,0.0,0.0,0.0,0.0,,India,,,
s1_country,house_number_agree,2442,0.6891891891891891,0.0,1.0,1.0,0.6891891891891891,,India,,,
s1_country,name_exact,3558,0.2588532883642496,0.0,0.0,1.0,0.2588532883642496,,US,,,
s1_country,name_ratio,3558,0.8589607966100016,0.6666666666666667,0.9,1.0,0.2588532883642496,,US,,,
s1_country,name_token_set,3558,0.923848758925382,0.7567567567567568,1.0,1.0,0.6090500281056773,,US,,,
s1_country,name_wratio,3558,0.9170636388240035,0.8108108108108109,0.95,1.0,0.2588532883642496,,US,,,
s1_country,name_jaro_winkler,3558,0.9241095301606836,0.801678108314264,0.9565217391304348,1.0,0.2588532883642496,,US,,,
s1_country,name_len_s1,3558,22.521922428330523,14.0,22.0,32.0,0.0,,US,,,
s1_country,name_len_cand,3558,22.016863406408095,12.0,21.0,33.0,0.0,,US,,,
s1_country,name_len_ratio,3558,0.8742498293561398,0.625,0.9411764705882353,1.0,0.43591905564924116,,US,,,
s1_country,name_sorted_token_equal,3558,0.3159078133783024,0.0,0.0,1.0,0.3159078133783024,,US,,,
s1_country,addr_exact,3558,0.08544125913434514,0.0,0.0,0.0,0.08544125913434514,,US,,,
s1_country,addr_ratio,3558,0.7649579097432304,0.5,0.8333333333333335,0.973186344238976,0.08544125913434514,,US,,,
s1_country,addr_token_jaccard,3558,0.5552081709122182,0.25,0.5555555555555556,1.0,0.1259134345137718,,US,,,
s1_country,addr_containment_s1_in_cand,3558,0.6777813888690786,0.4,0.7142857142857143,1.0,0.1453063518830804,,US,,,
s1_country,addr_containment_cand_in_s1,3558,0.6857194668113724,0.4,0.7142857142857143,1.0,0.16498032602585722,,US,,,
s1_country,addr_len_ratio,3558,0.8306352934156124,0.6808510638297872,0.8837209302325582,1.0,0.1613265879707701,,US,,,
s1_country,country_equal,3558,1.0,1.0,1.0,1.0,1.0,,US,,,
s1_country,s1_name_missing,3558,0.0,0.0,0.0,0.0,0.0,,US,,,
s1_country,cand_name_missing,3558,0.0,0.0,0.0,0.0,0.0,,US,,,
s1_country,s1_addr_missing,3558,0.0,0.0,0.0,0.0,0.0,,US,,,
s1_country,cand_addr_missing,3558,0.04946599213041034,0.0,0.0,0.0,0.04946599213041034,,US,,,
s1_country,either_addr_missing,3558,0.04946599213041034,0.0,0.0,0.0,0.04946599213041034,,US,,,
s1_country,numeric_exact_set,3558,0.5649241146711635,0.0,1.0,1.0,0.5649241146711635,,US,,,
s1_country,numeric_any_overlap,3558,0.7203485103991006,0.0,1.0,1.0,0.7203485103991006,,US,,,
s1_country,numeric_conflict,3558,0.15120854412591345,0.0,0.0,1.0,0.15120854412591345,,US,,,
s1_country,numeric_one_side_missing,3558,0.12844294547498594,0.0,0.0,1.0,0.12844294547498594,,US,,,
s1_country,numeric_both_missing,3558,0.0,0.0,0.0,0.0,0.0,,US,,,
s1_country,numeric_jaccard,3558,0.6356098931984261,0.0,1.0,1.0,0.5649241146711635,,US,,,
s1_country,postcode_any_overlap,3558,0.0713884204609331,0.0,0.0,0.0,0.0713884204609331,,US,,,
s1_country,postcode_both_present,3558,0.07672849915682968,0.0,0.0,0.0,0.07672849915682968,,US,,,
s1_country,house_number_agree,3558,0.6360314783586284,0.0,1.0,1.0,0.6360314783586284,,US,,,
addr_missing,name_exact,5728,0.21071927374301677,0.0,0.0,1.0,0.21071927374301677,,,both_present,,
addr_missing,name_ratio,5728,0.7908459661432498,0.4727554179566565,0.875,1.0,0.21071927374301677,,,both_present,,
addr_missing,name_token_set,5728,0.8589114519412622,0.4516129032258065,1.0,1.0,0.5216480446927374,,,both_present,,
addr_missing,name_wratio,5728,0.8526184539280871,0.620352323838081,0.95,1.0,0.21071927374301677,,,both_present,,
addr_missing,name_jaro_winkler,5728,0.8760485108100821,0.6109279609279609,0.9443833943833944,1.0,0.21071927374301677,,,both_present,,
addr_missing,name_len_s1,5728,24.06983240223464,15.0,24.0,34.0,0.0,,,both_present,,
addr_missing,name_len_cand,5728,23.170914804469273,13.0,23.0,34.0,0.0,,,both_present,,
addr_missing,name_len_ratio,5728,0.8672277978393614,0.6190476190476191,0.9310344827586207,1.0,0.3889664804469274,,,both_present,,
addr_missing,name_sorted_token_equal,5728,0.26501396648044695,0.0,0.0,1.0,0.26501396648044695,,,both_present,,
addr_missing,addr_exact,5728,0.0848463687150838,0.0,0.0,0.0,0.0848463687150838,,,both_present,,
addr_missing,addr_ratio,5728,0.7928507975651239,0.5263157894736843,0.8387096774193549,0.9795918367346939,0.0848463687150838,,,both_present,,
addr_missing,addr_token_jaccard,5728,0.6279854747115857,0.3,0.6470588235294118,1.0,0.13233240223463688,,,both_present,,
addr_missing,addr_containment_s1_in_cand,5728,0.7462879708191379,0.42857142857142855,0.8,1.0,0.1855796089385475,,,both_present,,
addr_missing,addr_containment_cand_in_s1,5728,0.7606637879952792,0.5,0.8,1.0,0.20059357541899442,,,both_present,,
addr_missing,addr_len_ratio,5728,0.8533959218410672,0.6666666666666666,0.8941176470588236,1.0,0.15904329608938547,,,both_present,,
addr_missing,country_equal,5728,1.0,1.0,1.0,1.0,1.0,,,both_present,,
addr_missing,s1_name_missing,5728,0.0,0.0,0.0,0.0,0.0,,,both_present,,
addr_missing,cand_name_missing,5728,0.0,0.0,0.0,0.0,0.0,,,both_present,,
addr_missing,s1_addr_missing,5728,0.0,0.0,0.0,0.0,0.0,,,both_present,,
addr_missing,cand_addr_missing,5728,0.0,0.0,0.0,0.0,0.0,,,both_present,,
addr_missing,either_addr_missing,5728,0.0,0.0,0.0,0.0,0.0,,,both_present,,
addr_missing,numeric_exact_set,5728,0.5981145251396648,0.0,1.0,1.0,0.5981145251396648,,,both_present,,
addr_missing,numeric_any_overlap,5728,0.7852653631284916,0.0,1.0,1.0,0.7852653631284916,,,both_present,,
addr_missing,numeric_conflict,5728,0.12290502793296089,0.0,0.0,1.0,0.12290502793296089,,,both_present,,
addr_missing,numeric_one_side_missing,5728,0.05708798882681564,0.0,0.0,0.0,0.05708798882681564,,,both_present,,
addr_missing,numeric_both_missing,5728,0.03474162011173185,0.0,0.0,0.0,0.03474162011173185,,,both_present,,
addr_missing,numeric_jaccard,5728,0.7210690176908752,0.0,1.0,1.0,0.6328561452513967,,,both_present,,
addr_missing,postcode_any_overlap,5728,0.04434357541899441,0.0,0.0,0.0,0.04434357541899441,,,both_present,,
addr_missing,postcode_both_present,5728,0.047660614525139665,0.0,0.0,0.0,0.047660614525139665,,,both_present,,
addr_missing,house_number_agree,5728,0.6888966480446927,0.0,1.0,1.0,0.6888966480446927,,,both_present,,
addr_missing,name_exact,272,0.27205882352941174,0.0,0.0,1.0,0.27205882352941174,,,cand_missing,,
addr_missing,name_ratio,272,0.8857670335893874,0.7145552560646901,0.9177927927927927,1.0,0.27205882352941174,,,cand_missing,,
addr_missing,name_token_set,272,0.9591070670011703,0.867974180734856,1.0,1.0,0.6213235294117647,,,cand_missing,,
addr_missing,name_wratio,272,0.9350070712476628,0.855,0.95,1.0,0.27205882352941174,,,cand_missing,,
addr_missing,name_jaro_winkler,272,0.9470707437284003,0.8767720764898185,0.9619047619047618,1.0,0.27205882352941174,,,cand_missing,,
addr_missing,name_len_s1,272,23.871323529411764,14.100000000000001,24.0,34.0,0.0,,,cand_missing,,
addr_missing,name_len_cand,272,23.977941176470587,14.0,24.0,34.0,0.0,,,cand_missing,,
addr_missing,name_len_ratio,272,0.8837028020994576,0.6807500000000001,0.9555335968379447,1.0,0.4264705882352941,,,cand_missing,,
addr_missing,name_sorted_token_equal,272,0.3014705882352941,0.0,0.0,1.0,0.3014705882352941,,,cand_missing,,
addr_missing,addr_exact,272,0.0,0.0,0.0,0.0,0.0,,,cand_missing,,
addr_missing,addr_ratio,272,0.0,0.0,0.0,0.0,0.0,,,cand_missing,,
addr_missing,addr_token_jaccard,272,0.0,0.0,0.0,0.0,0.0,,,cand_missing,,
addr_missing,addr_containment_s1_in_cand,272,0.0,0.0,0.0,0.0,0.0,,,cand_missing,,
addr_missing,addr_containment_cand_in_s1,272,0.0,0.0,0.0,0.0,0.0,,,cand_missing,,
addr_missing,addr_len_ratio,272,0.0,0.0,0.0,0.0,0.0,,,cand_missing,,
addr_missing,country_equal,272,1.0,1.0,1.0,1.0,1.0,,,cand_missing,,
addr_missing,s1_name_missing,272,0.0,0.0,0.0,0.0,0.0,,,cand_missing,,
addr_missing,cand_name_missing,272,0.0,0.0,0.0,0.0,0.0,,,cand_missing,,
addr_missing,s1_addr_missing,272,0.0,0.0,0.0,0.0,0.0,,,cand_missing,,
addr_missing,cand_addr_missing,272,1.0,1.0,1.0,1.0,1.0,,,cand_missing,,
addr_missing,either_addr_missing,272,1.0,1.0,1.0,1.0,1.0,,,cand_missing,,
addr_missing,numeric_exact_set,272,0.0,0.0,0.0,0.0,0.0,,,cand_missing,,
addr_missing,numeric_any_overlap,272,0.0,0.0,0.0,0.0,0.0,,,cand_missing,,
addr_missing,numeric_conflict,272,0.0,0.0,0.0,0.0,0.0,,,cand_missing,,
addr_missing,numeric_one_side_missing,272,0.9816176470588235,1.0,1.0,1.0,0.9816176470588235,,,cand_missing,,
addr_missing,numeric_both_missing,272,0.01838235294117647,0.0,0.0,0.0,0.01838235294117647,,,cand_missing,,
addr_missing,numeric_jaccard,272,0.01838235294117647,0.0,0.0,0.0,0.01838235294117647,,,cand_missing,,
addr_missing,postcode_any_overlap,272,0.0,0.0,0.0,0.0,0.0,,,cand_missing,,
addr_missing,postcode_both_present,272,0.0,0.0,0.0,0.0,0.0,,,cand_missing,,
addr_missing,house_number_agree,272,0.0,0.0,0.0,0.0,0.0,,,cand_missing,,
name_exact,name_exact,1281,1.0,1.0,1.0,1.0,1.0,,,,exact_name,
name_exact,name_ratio,1281,1.0,1.0,1.0,1.0,1.0,,,,exact_name,
name_exact,name_token_set,1281,1.0,1.0,1.0,1.0,1.0,,,,exact_name,
name_exact,name_wratio,1281,1.0,1.0,1.0,1.0,1.0,,,,exact_name,
name_exact,name_jaro_winkler,1281,1.0,1.0,1.0,1.0,1.0,,,,exact_name,
name_exact,name_len_s1,1281,22.308352849336455,12.0,22.0,32.0,0.0,,,,exact_name,
name_exact,name_len_cand,1281,22.308352849336455,12.0,22.0,32.0,0.0,,,,exact_name,
name_exact,name_len_ratio,1281,1.0,1.0,1.0,1.0,1.0,,,,exact_name,
name_exact,name_sorted_token_equal,1281,1.0,1.0,1.0,1.0,1.0,,,,exact_name,
name_exact,addr_exact,1281,0.05542544886807182,0.0,0.0,0.0,0.05542544886807182,,,,exact_name,
name_exact,addr_ratio,1281,0.7437697215090454,0.45569620253164556,0.8253968253968254,0.9565217391304348,0.05542544886807182,,,,exact_name,
name_exact,addr_token_jaccard,1281,0.5613687715772392,0.23529411764705882,0.5714285714285714,0.9230769230769231,0.08508977361436378,,,,exact_name,
name_exact,addr_containment_s1_in_cand,1281,0.6830615579833429,0.3333333333333333,0.75,1.0,0.12724434035909446,,,,exact_name,
name_exact,addr_containment_cand_in_s1,1281,0.6896785526175583,0.4,0.75,1.0,0.14363778298204527,,,,exact_name,
name_exact,addr_len_ratio,1281,0.8098015148665518,0.5882352941176471,0.8787878787878788,1.0,0.117096018735363,,,,exact_name,
name_exact,country_equal,1281,1.0,1.0,1.0,1.0,1.0,,,,exact_name,
name_exact,s1_name_missing,1281,0.0,0.0,0.0,0.0,0.0,,,,exact_name,
name_exact,cand_name_missing,1281,0.0,0.0,0.0,0.0,0.0,,,,exact_name,
name_exact,s1_addr_missing,1281,0.0,0.0,0.0,0.0,0.0,,,,exact_name,
name_exact,cand_addr_missing,1281,0.05776736924277908,0.0,0.0,0.0,0.05776736924277908,,,,exact_name,
name_exact,either_addr_missing,1281,0.05776736924277908,0.0,0.0,0.0,0.05776736924277908,,,,exact_name,
name_exact,numeric_exact_set,1281,0.5441061670569868,0.0,1.0,1.0,0.5441061670569868,,,,exact_name,
name_exact,numeric_any_overlap,1281,0.7142857142857143,0.0,1.0,1.0,0.7142857142857143,,,,exact_name,
name_exact,numeric_conflict,1281,0.13427010148321625,0.0,0.0,1.0,0.13427010148321625,,,,exact_name,
name_exact,numeric_one_side_missing,1281,0.12568306010928962,0.0,0.0,1.0,0.12568306010928962,,,,exact_name,
name_exact,numeric_both_missing,1281,0.02576112412177986,0.0,0.0,0.0,0.02576112412177986,,,,exact_name,
name_exact,numeric_jaccard,1281,0.6490892531876139,0.0,1.0,1.0,0.5698672911787666,,,,exact_name,
name_exact,postcode_any_overlap,1281,0.03669008587041374,0.0,0.0,0.0,0.03669008587041374,,,,exact_name,
name_exact,postcode_both_present,1281,0.04137392661982826,0.0,0.0,0.0,0.04137392661982826,,,,exact_name,
name_exact,house_number_agree,1281,0.6221701795472288,0.0,1.0,1.0,0.6221701795472288,,,,exact_name,
name_exact,name_exact,4719,0.0,0.0,0.0,0.0,0.0,,,,non_exact_name,
name_exact,name_ratio,4719,0.7395410737878465,0.23255813953488372,0.826086956521739,0.9444444444444444,0.0,,,,non_exact_name,
name_exact,name_token_set,4719,0.8263873530290035,0.24469885515181686,0.9454545454545454,1.0,0.39754185208730664,,,,non_exact_name,
name_exact,name_wratio,4719,0.8173597006737547,0.3857142857142858,0.9032258064516128,0.95,0.0,,,,non_exact_name,
name_exact,name_jaro_winkler,4719,0.8464948320013298,0.48269959034664917,0.9214285714285715,0.9756666666666667,0.0,,,,non_exact_name,
name_exact,name_len_s1,4719,24.53655435473617,15.0,25.0,34.0,0.0,,,,non_exact_name,
name_exact,name_len_cand,4719,23.451578724305996,13.0,23.0,34.0,0.0,,,,non_exact_name,
name_exact,name_len_ratio,4719,0.8321356194521963,0.5806451612903226,0.8787878787878788,1.0,0.22525958889595254,,,,non_exact_name,
name_exact,name_sorted_token_equal,4719,0.0675990675990676,0.0,0.0,0.0,0.0675990675990676,,,,non_exact_name,
name_exact,addr_exact,4719,0.0879423606696334,0.0,0.0,0.0,0.0879423606696334,,,,non_exact_name,
name_exact,addr_ratio,4719,0.7604747521084855,0.4702977487291212,0.8320000000000001,0.9830508474576272,0.0879423606696334,,,,non_exact_name,
name_exact,addr_token_jaccard,4719,0.6098723040384655,0.25,0.6363636363636364,1.0,0.13752913752913754,,,,non_exact_name,
name_exact,addr_containment_s1_in_cand,4719,0.7204356094671241,0.3888888888888889,0.8,1.0,0.19071837253655435,,,,non_exact_name,
name_exact,addr_containment_cand_in_s1,4719,0.7360889916791413,0.42857142857142855,0.8,1.0,0.20449247721974995,,,,non_exact_name,
name_exact,addr_len_ratio,4719,0.8160407077265479,0.5176836377769142,0.8888888888888888,1.0,0.16126297944479762,,,,non_exact_name,
name_exact,country_equal,4719,1.0,1.0,1.0,1.0,1.0,,,,non_exact_name,
name_exact,s1_name_missing,4719,0.0,0.0,0.0,0.0,0.0,,,,non_exact_name,
name_exact,cand_name_missing,4719,0.0,0.0,0.0,0.0,0.0,,,,non_exact_name,
name_exact,s1_addr_missing,4719,0.0,0.0,0.0,0.0,0.0,,,,non_exact_name,
name_exact,cand_addr_missing,4719,0.04195804195804196,0.0,0.0,0.0,0.04195804195804196,,,,non_exact_name,
name_exact,either_addr_missing,4719,0.04195804195804196,0.0,0.0,0.0,0.04195804195804196,,,,non_exact_name,
name_exact,numeric_exact_set,4719,0.5783004873913965,0.0,1.0,1.0,0.5783004873913965,,,,non_exact_name,
name_exact,numeric_any_overlap,4719,0.7592710319983047,0.0,1.0,1.0,0.7592710319983047,,,,non_exact_name,
name_exact,numeric_conflict,4719,0.11273574909938547,0.0,0.0,1.0,0.11273574909938547,,,,non_exact_name,
name_exact,numeric_one_side_missing,4719,0.09175672812036448,0.0,0.0,0.0,0.09175672812036448,,,,non_exact_name,
name_exact,numeric_both_missing,4719,0.036236490781945324,0.0,0.0,0.0,0.036236490781945324,,,,non_exact_name,
name_exact,numeric_jaccard,4719,0.7001059546514091,0.0,1.0,1.0,0.6145369781733419,,,,non_exact_name,
name_exact,postcode_any_overlap,4719,0.043865225683407505,0.0,0.0,0.0,0.043865225683407505,,,,non_exact_name,
name_exact,postcode_both_present,4719,0.046620046620046623,0.0,0.0,0.0,0.046620046620046623,,,,non_exact_name,
name_exact,house_number_agree,4719,0.6673023945751219,0.0,1.0,1.0,0.6673023945751219,,,,non_exact_name,
s1_match_count,name_exact,91,0.1978021978021978,0.0,0.0,1.0,0.1978021978021978,,,,,1
s1_match_count,name_ratio,91,0.7886959624391479,0.48,0.8666666666666667,1.0,0.1978021978021978,,,,,1
s1_match_count,name_token_set,91,0.8711767182801959,0.4888888888888889,1.0,1.0,0.5494505494505495,,,,,1
s1_match_count,name_wratio,91,0.854877563608276,0.6451612903225806,0.9473684210526316,1.0,0.1978021978021978,,,,,1
s1_match_count,name_jaro_winkler,91,0.8809383296219409,0.518199233716475,0.9466666666666667,1.0,0.1978021978021978,,,,,1
s1_match_count,name_len_s1,91,24.725274725274726,15.0,25.0,35.0,0.0,,,,,1
s1_match_count,name_len_cand,91,22.9010989010989,12.0,22.0,36.0,0.0,,,,,1
s1_match_count,name_len_ratio,91,0.8571297926731274,0.6190476190476191,0.9444444444444444,1.0,0.3516483516483517,,,,,1
s1_match_count,name_sorted_token_equal,91,0.23076923076923078,0.0,0.0,1.0,0.23076923076923078,,,,,1
s1_match_count,addr_exact,91,0.08791208791208792,0.0,0.0,0.0,0.08791208791208792,,,,,1
s1_match_count,addr_ratio,91,0.7867534119047359,0.5346534653465347,0.8405797101449275,0.9681528662420382,0.08791208791208792,,,,,1
s1_match_count,addr_token_jaccard,91,0.6254138413479073,0.3333333333333333,0.6666666666666666,1.0,0.10989010989010989,,,,,1
s1_match_count,addr_containment_s1_in_cand,91,0.7576759787651836,0.5,0.8,1.0,0.1978021978021978,,,,,1
s1_match_count,addr_containment_cand_in_s1,91,0.744448598408577,0.5,0.7777777777777778,1.0,0.16483516483516483,,,,,1
s1_match_count,addr_len_ratio,91,0.8488933758300501,0.7096774193548387,0.9074074074074074,1.0,0.13186813186813187,,,,,1
s1_match_count,country_equal,91,1.0,1.0,1.0,1.0,1.0,,,,,1
s1_match_count,s1_name_missing,91,0.0,0.0,0.0,0.0,0.0,,,,,1
s1_match_count,cand_name_missing,91,0.0,0.0,0.0,0.0,0.0,,,,,1
s1_match_count,s1_addr_missing,91,0.0,0.0,0.0,0.0,0.0,,,,,1
s1_match_count,cand_addr_missing,91,0.01098901098901099,0.0,0.0,0.0,0.01098901098901099,,,,,1
s1_match_count,either_addr_missing,91,0.01098901098901099,0.0,0.0,0.0,0.01098901098901099,,,,,1
s1_match_count,numeric_exact_set,91,0.6373626373626373,0.0,1.0,1.0,0.6373626373626373,,,,,1
s1_match_count,numeric_any_overlap,91,0.8241758241758241,0.0,1.0,1.0,0.8241758241758241,,,,,1
s1_match_count,numeric_conflict,91,0.10989010989010989,0.0,0.0,1.0,0.10989010989010989,,,,,1
s1_match_count,numeric_one_side_missing,91,0.04395604395604396,0.0,0.0,0.0,0.04395604395604396,,,,,1
s1_match_count,numeric_both_missing,91,0.02197802197802198,0.0,0.0,0.0,0.02197802197802198,,,,,1
s1_match_count,numeric_jaccard,91,0.7428571428571428,0.0,1.0,1.0,0.6593406593406593,,,,,1
s1_match_count,postcode_any_overlap,91,0.08791208791208792,0.0,0.0,0.0,0.08791208791208792,,,,,1
s1_match_count,postcode_both_present,91,0.08791208791208792,0.0,0.0,0.0,0.08791208791208792,,,,,1
s1_match_count,house_number_agree,91,0.7252747252747253,0.0,1.0,1.0,0.7252747252747253,,,,,1
s1_match_count,name_exact,1769,0.2357263990955342,0.0,0.0,1.0,0.2357263990955342,,,,,2-3
s1_match_count,name_ratio,1769,0.8007824134535472,0.5247563352826512,0.88,1.0,0.2357263990955342,,,,,2-3
s1_match_count,name_token_set,1769,0.8626476744120478,0.46285714285714297,1.0,1.0,0.539287733182589,,,,,2-3
s1_match_count,name_wratio,1769,0.8572777681634806,0.6392727272727273,0.95,1.0,0.2357263990955342,,,,,2-3
s1_match_count,name_jaro_winkler,1769,0.8826023698294713,0.6496019013666073,0.9487179487179488,1.0,0.2357263990955342,,,,,2-3
s1_match_count,name_len_s1,1769,23.789146410401358,15.0,24.0,34.0,0.0,,,,,2-3
s1_match_count,name_len_cand,1769,23.035613340870547,13.0,22.0,34.0,0.0,,,,,2-3
s1_match_count,name_len_ratio,1769,0.8742646342392302,0.6302737520128825,0.9375,1.0,0.4070096099491238,,,,,2-3
s1_match_count,name_sorted_token_equal,1769,0.28886376483889203,0.0,0.0,1.0,0.28886376483889203,,,,,2-3
s1_match_count,addr_exact,1769,0.08705483323911814,0.0,0.0,0.0,0.08705483323911814,,,,,2-3
s1_match_count,addr_ratio,1769,0.7621458972239569,0.4615384615384615,0.8354430379746836,0.9821199705851454,0.08705483323911814,,,,,2-3
s1_match_count,addr_token_jaccard,1769,0.5924869599645561,0.25,0.6153846153846154,1.0,0.11814584511023177,,,,,2-3
s1_match_count,addr_containment_s1_in_cand,1769,0.7079908002753925,0.38269230769230783,0.8,1.0,0.16393442622950818,,,,,2-3
s1_match_count,addr_containment_cand_in_s1,1769,0.7173415358348807,0.42285714285714315,0.7777777777777778,1.0,0.18032786885245902,,,,,2-3
s1_match_count,addr_len_ratio,1769,0.8151161658114369,0.5573750000000002,0.8837209302325582,1.0,0.14810627473148671,,,,,2-3
s1_match_count,country_equal,1769,1.0,1.0,1.0,1.0,1.0,,,,,2-3
s1_match_count,s1_name_missing,1769,0.0,0.0,0.0,0.0,0.0,,,,,2-3
s1_match_count,cand_name_missing,1769,0.0,0.0,0.0,0.0,0.0,,,,,2-3
s1_match_count,s1_addr_missing,1769,0.0,0.0,0.0,0.0,0.0,,,,,2-3
s1_match_count,cand_addr_missing,1769,0.04918032786885246,0.0,0.0,0.0,0.04918032786885246,,,,,2-3
s1_match_count,either_addr_missing,1769,0.04918032786885246,0.0,0.0,0.0,0.04918032786885246,,,,,2-3
s1_match_count,numeric_exact_set,1769,0.57263990955342,0.0,1.0,1.0,0.57263990955342,,,,,2-3
s1_match_count,numeric_any_overlap,1769,0.7433578292820803,0.0,1.0,1.0,0.7433578292820803,,,,,2-3
s1_match_count,numeric_conflict,1769,0.1215375918598078,0.0,0.0,1.0,0.1215375918598078,,,,,2-3
s1_match_count,numeric_one_side_missing,1769,0.11249293386093838,0.0,0.0,1.0,0.11249293386093838,,,,,2-3
s1_match_count,numeric_both_missing,1769,0.022611644997173545,0.0,0.0,0.0,0.022611644997173545,,,,,2-3
s1_match_count,numeric_jaccard,1769,0.6760693423779913,0.0,1.0,1.0,0.5952515545505935,,,,,2-3
s1_match_count,postcode_any_overlap,1769,0.05031091011871114,0.0,0.0,0.0,0.05031091011871114,,,,,2-3
s1_match_count,postcode_both_present,1769,0.0570944036178632,0.0,0.0,0.0,0.0570944036178632,,,,,2-3
s1_match_count,house_number_agree,1769,0.6551724137931034,0.0,1.0,1.0,0.6551724137931034,,,,,2-3
s1_match_count,name_exact,4140,0.20434782608695654,0.0,0.0,1.0,0.20434782608695654,,,,,4+
s1_match_count,name_ratio,4140,0.792883793532261,0.487509238728751,0.875,1.0,0.20434782608695654,,,,,4+
s1_match_count,name_token_set,4140,0.8636282853974534,0.4744870651204282,1.0,1.0,0.520048309178744,,,,,4+
s1_match_count,name_wratio,4140,0.8559908689154344,0.6478808510638299,0.95,1.0,0.20434782608695654,,,,,4+
s1_match_count,name_jaro_winkler,4140,0.8778067951667498,0.6263359400456174,0.94375,1.0,0.20434782608695654,,,,,4+
s1_match_count,name_len_s1,4140,24.16231884057971,15.0,24.0,34.0,0.0,,,,,4+
s1_match_count,name_len_cand,4140,23.28768115942029,13.0,23.0,34.0,0.0,,,,,4+
s1_match_count,name_len_ratio,4140,0.8655253717614642,0.6153846153846154,0.9285714285714286,1.0,0.38454106280193234,,,,,4+
s1_match_count,name_sorted_token_equal,4140,0.2579710144927536,0.0,0.0,1.0,0.2579710144927536,,,,,4+
s1_match_count,addr_exact,4140,0.0782608695652174,0.0,0.0,0.0,0.0782608695652174,,,,,4+
s1_match_count,addr_ratio,4140,0.7540141825556809,0.46341463414634143,0.8275862068965517,0.9744020685197156,0.0782608695652174,,,,,4+
s1_match_count,addr_token_jaccard,4140,0.601951378600967,0.25,0.625,1.0,0.13019323671497585,,,,,4+
s1_match_count,addr_containment_s1_in_cand,4140,0.7133703519558503,0.375,0.8,1.0,0.1823671497584541,,,,,4+
s1_match_count,addr_containment_cand_in_s1,4140,0.7295555986207428,0.42857142857142855,0.8,1.0,0.19685990338164253,,,,,4+
s1_match_count,addr_len_ratio,4140,0.8137831028465378,0.5150649350649351,0.8888888888888888,1.0,0.15386473429951691,,,,,4+
s1_match_count,country_equal,4140,1.0,1.0,1.0,1.0,1.0,,,,,4+
s1_match_count,s1_name_missing,4140,0.0,0.0,0.0,0.0,0.0,,,,,4+
s1_match_count,cand_name_missing,4140,0.0,0.0,0.0,0.0,0.0,,,,,4+
s1_match_count,s1_addr_missing,4140,0.0,0.0,0.0,0.0,0.0,,,,,4+
s1_match_count,cand_addr_missing,4140,0.044444444444444446,0.0,0.0,0.0,0.044444444444444446,,,,,4+
s1_match_count,either_addr_missing,4140,0.044444444444444446,0.0,0.0,0.0,0.044444444444444446,,,,,4+
s1_match_count,numeric_exact_set,4140,0.5688405797101449,0.0,1.0,1.0,0.5688405797101449,,,,,4+
s1_match_count,numeric_any_overlap,4140,0.7507246376811594,0.0,1.0,1.0,0.7507246376811594,,,,,4+
s1_match_count,numeric_conflict,4140,0.11570048309178745,0.0,0.0,1.0,0.11570048309178745,,,,,4+
s1_match_count,numeric_one_side_missing,4140,0.09444444444444444,0.0,0.0,0.0,0.09444444444444444,,,,,4+
s1_match_count,numeric_both_missing,4140,0.0391304347826087,0.0,0.0,0.0,0.0391304347826087,,,,,4+
s1_match_count,numeric_jaccard,4140,0.6936513687600643,0.0,1.0,1.0,0.6079710144927536,,,,,4+
s1_match_count,postcode_any_overlap,4140,0.03792270531400966,0.0,0.0,0.0,0.03792270531400966,,,,,4+
s1_match_count,postcode_both_present,4140,0.03961352657004831,0.0,0.0,0.0,0.03961352657004831,,,,,4+
s1_match_count,house_number_agree,4140,0.6572463768115943,0.0,1.0,1.0,0.6572463768115943,,,,,4+
source_pair_x_country,name_exact,1193,0.14668901927912825,0.0,0.0,1.0,0.14668901927912825,S1_S2,India,,,
source_pair_x_country,name_ratio,1193,0.683909729698685,0.09999999999999998,0.826086956521739,1.0,0.14668901927912825,S1_S2,India,,,
source_pair_x_country,name_token_set,1193,0.7501759987351553,0.11320754716981128,0.9354838709677419,1.0,0.3889354568315172,S1_S2,India,,,
source_pair_x_country,name_wratio,1193,0.7420174858312589,0.10754716981132072,0.9130434782608696,1.0,0.14668901927912825,S1_S2,India,,,
source_pair_x_country,name_jaro_winkler,1193,0.8019998222757052,0.3999999999999999,0.9189852216748768,1.0,0.14668901927912825,S1_S2,India,,,
source_pair_x_country,name_len_s1,1193,26.142497904442582,16.0,27.0,35.0,0.0,S1_S2,India,,,
source_pair_x_country,name_len_cand,1193,24.98910310142498,14.0,25.0,34.0,0.0,S1_S2,India,,,
source_pair_x_country,name_len_ratio,1193,0.878098221803273,0.6923076923076923,0.9310344827586207,1.0,0.3352891869237217,S1_S2,India,,,
source_pair_x_country,name_sorted_token_equal,1193,0.1978206202849958,0.0,0.0,1.0,0.1978206202849958,S1_S2,India,,,
source_pair_x_country,addr_exact,1193,0.10813076278290025,0.0,0.0,1.0,0.10813076278290025,S1_S2,India,,,
source_pair_x_country,addr_ratio,1193,0.7907981059403298,0.5254651780967571,0.858974358974359,1.0,0.10813076278290025,S1_S2,India,,,
source_pair_x_country,addr_token_jaccard,1193,0.734046828034451,0.36973684210526314,0.8,1.0,0.19279128248113997,S1_S2,India,,,
source_pair_x_country,addr_containment_s1_in_cand,1193,0.82319035079532,0.45594405594405596,0.9,1.0,0.30259849119865884,S1_S2,India,,,
source_pair_x_country,addr_containment_cand_in_s1,1193,0.8262786769764139,0.5714285714285714,0.9,1.0,0.3964794635373009,S1_S2,India,,,
source_pair_x_country,addr_len_ratio,1193,0.840555917266979,0.55,0.9066666666666666,1.0,0.1944677284157586,S1_S2,India,,,
source_pair_x_country,country_equal,1193,1.0,1.0,1.0,1.0,1.0,S1_S2,India,,,
source_pair_x_country,s1_name_missing,1193,0.0,0.0,0.0,0.0,0.0,S1_S2,India,,,
source_pair_x_country,cand_name_missing,1193,0.0,0.0,0.0,0.0,0.0,S1_S2,India,,,
source_pair_x_country,s1_addr_missing,1193,0.0,0.0,0.0,0.0,0.0,S1_S2,India,,,
source_pair_x_country,cand_addr_missing,1193,0.038558256496227995,0.0,0.0,0.0,0.038558256496227995,S1_S2,India,,,
source_pair_x_country,either_addr_missing,1193,0.038558256496227995,0.0,0.0,0.0,0.038558256496227995,S1_S2,India,,,
source_pair_x_country,numeric_exact_set,1193,0.606035205364627,0.0,1.0,1.0,0.606035205364627,S1_S2,India,,,
source_pair_x_country,numeric_any_overlap,1193,0.8046940486169321,0.0,1.0,1.0,0.8046940486169321,S1_S2,India,,,
source_pair_x_country,numeric_conflict,1193,0.06202849958088852,0.0,0.0,0.0,0.06202849958088852,S1_S2,India,,,
source_pair_x_country,numeric_one_side_missing,1193,0.0586756077116513,0.0,0.0,0.0,0.0586756077116513,S1_S2,India,,,
source_pair_x_country,numeric_both_missing,1193,0.07460184409052809,0.0,0.0,0.0,0.07460184409052809,S1_S2,India,,,
source_pair_x_country,numeric_jaccard,1193,0.7815311539536184,0.0,1.0,1.0,0.680637049455155,S1_S2,India,,,
source_pair_x_country,postcode_any_overlap,1193,0.0,0.0,0.0,0.0,0.0,S1_S2,India,,,
source_pair_x_country,postcode_both_present,1193,0.0,0.0,0.0,0.0,0.0,S1_S2,India,,,
source_pair_x_country,house_number_agree,1193,0.7091366303436715,0.0,1.0,1.0,0.7091366303436715,S1_S2,India,,,
source_pair_x_country,name_exact,1715,0.2542274052478134,0.0,0.0,1.0,0.2542274052478134,S1_S2,US,,,
source_pair_x_country,name_ratio,1715,0.8630582302718035,0.6788409703504044,0.9,1.0,0.2542274052478134,S1_S2,US,,,
source_pair_x_country,name_token_set,1715,0.9217966302437092,0.7407407407407408,1.0,1.0,0.6075801749271137,S1_S2,US,,,
source_pair_x_country,name_wratio,1715,0.9173549832681053,0.8161616161616163,0.95,1.0,0.2542274052478134,S1_S2,US,,,
source_pair_x_country,name_jaro_winkler,1715,0.9311342726818235,0.8436601307189543,0.9578947368421054,1.0,0.2542274052478134,S1_S2,US,,,
source_pair_x_country,name_len_s1,1715,22.472303206997086,14.0,22.0,32.0,0.0,S1_S2,US,,,
source_pair_x_country,name_len_cand,1715,21.54985422740525,12.0,21.0,32.0,0.0,S1_S2,US,,,
source_pair_x_country,name_len_ratio,1715,0.8786161566650564,0.6538461538461539,0.9393939393939394,1.0,0.42857142857142855,S1_S2,US,,,
source_pair_x_country,name_sorted_token_equal,1715,0.3160349854227405,0.0,0.0,1.0,0.3160349854227405,S1_S2,US,,,
source_pair_x_country,addr_exact,1715,0.13760932944606413,0.0,0.0,1.0,0.13760932944606413,S1_S2,US,,,
source_pair_x_country,addr_ratio,1715,0.7916859425547659,0.52,0.8666666666666667,1.0,0.13760932944606413,S1_S2,US,,,
source_pair_x_country,addr_token_jaccard,1715,0.6427581197552042,0.3454545454545456,0.6666666666666666,1.0,0.20466472303206998,S1_S2,US,,,
source_pair_x_country,addr_containment_s1_in_cand,1715,0.7399552407424127,0.5,0.8,1.0,0.24314868804664724,S1_S2,US,,,
source_pair_x_country,addr_containment_cand_in_s1,1715,0.7684798000832985,0.5,0.8,1.0,0.282798833819242,S1_S2,US,,,
source_pair_x_country,addr_len_ratio,1715,0.8406439865460084,0.6695652173913044,0.90625,1.0,0.2402332361516035,S1_S2,US,,,
source_pair_x_country,country_equal,1715,1.0,1.0,1.0,1.0,1.0,S1_S2,US,,,
source_pair_x_country,s1_name_missing,1715,0.0,0.0,0.0,0.0,0.0,S1_S2,US,,,
source_pair_x_country,cand_name_missing,1715,0.0,0.0,0.0,0.0,0.0,S1_S2,US,,,
source_pair_x_country,s1_addr_missing,1715,0.0,0.0,0.0,0.0,0.0,S1_S2,US,,,
source_pair_x_country,cand_addr_missing,1715,0.04897959183673469,0.0,0.0,0.0,0.04897959183673469,S1_S2,US,,,
source_pair_x_country,either_addr_missing,1715,0.04897959183673469,0.0,0.0,0.0,0.04897959183673469,S1_S2,US,,,
source_pair_x_country,numeric_exact_set,1715,0.5288629737609329,0.0,1.0,1.0,0.5288629737609329,S1_S2,US,,,
source_pair_x_country,numeric_any_overlap,1715,0.7090379008746356,0.0,1.0,1.0,0.7090379008746356,S1_S2,US,,,
source_pair_x_country,numeric_conflict,1715,0.15685131195335278,0.0,0.0,1.0,0.15685131195335278,S1_S2,US,,,
source_pair_x_country,numeric_one_side_missing,1715,0.13411078717201166,0.0,0.0,1.0,0.13411078717201166,S1_S2,US,,,
source_pair_x_country,numeric_both_missing,1715,0.0,0.0,0.0,0.0,0.0,S1_S2,US,,,
source_pair_x_country,numeric_jaccard,1715,0.6117589893100096,0.0,1.0,1.0,0.5288629737609329,S1_S2,US,,,
source_pair_x_country,postcode_any_overlap,1715,0.06239067055393586,0.0,0.0,0.0,0.06239067055393586,S1_S2,US,,,
source_pair_x_country,postcode_both_present,1715,0.06880466472303207,0.0,0.0,0.0,0.06880466472303207,S1_S2,US,,,
source_pair_x_country,house_number_agree,1715,0.6104956268221574,0.0,1.0,1.0,0.6104956268221574,S1_S2,US,,,
source_pair_x_country,name_exact,1249,0.14811849479583666,0.0,0.0,1.0,0.14811849479583666,S1_S3,India,,,
source_pair_x_country,name_ratio,1249,0.7196217016300487,0.11538461538461542,0.8181818181818181,1.0,0.14811849479583666,S1_S3,India,,,
source_pair_x_country,name_token_set,1249,0.7996061394686291,0.12765957446808515,0.9473684210526315,1.0,0.4211369095276221,S1_S3,India,,,
source_pair_x_country,name_wratio,1249,0.7926190071632923,0.12881355932203395,0.9047619047619048,1.0,0.14811849479583666,S1_S3,India,,,
source_pair_x_country,name_jaro_winkler,1249,0.8253335595897894,0.4075002475002476,0.9136363636363637,1.0,0.14811849479583666,S1_S3,India,,,
source_pair_x_country,name_len_s1,1249,26.45636509207366,16.0,27.0,35.0,0.0,S1_S3,India,,,
source_pair_x_country,name_len_cand,1249,24.897518014411528,13.0,25.0,36.0,0.0,S1_S3,India,,,
source_pair_x_country,name_len_ratio,1249,0.840429076648891,0.5555555555555556,0.9,1.0,0.3146517213771017,S1_S3,India,,,
source_pair_x_country,name_sorted_token_equal,1249,0.1921537229783827,0.0,0.0,1.0,0.1921537229783827,S1_S3,India,,,
source_pair_x_country,addr_exact,1249,0.04243394715772618,0.0,0.0,0.0,0.04243394715772618,S1_S3,India,,,
source_pair_x_country,addr_ratio,1249,0.7016068736587692,0.3451999262944537,0.775,0.9515393800944915,0.04243394715772618,S1_S3,India,,,
source_pair_x_country,addr_token_jaccard,1249,0.597239600638263,0.2,0.6666666666666666,0.9,0.06405124099279423,S1_S3,India,,,
source_pair_x_country,addr_containment_s1_in_cand,1249,0.7054645530480567,0.25,0.8181818181818182,1.0,0.14811849479583666,S1_S3,India,,,
source_pair_x_country,addr_containment_cand_in_s1,1249,0.745830146588659,0.5,0.8,0.9333333333333333,0.07125700560448359,S1_S3,India,,,
source_pair_x_country,addr_len_ratio,1249,0.7446503258874122,0.28971538327221935,0.8793103448275862,0.9875308641975309,0.08406725380304243,S1_S3,India,,,
source_pair_x_country,country_equal,1249,1.0,1.0,1.0,1.0,1.0,S1_S3,India,,,
source_pair_x_country,s1_name_missing,1249,0.0,0.0,0.0,0.0,0.0,S1_S3,India,,,
source_pair_x_country,cand_name_missing,1249,0.0,0.0,0.0,0.0,0.0,S1_S3,India,,,
source_pair_x_country,s1_addr_missing,1249,0.0,0.0,0.0,0.0,0.0,S1_S3,India,,,
source_pair_x_country,cand_addr_missing,1249,0.040032025620496396,0.0,0.0,0.0,0.040032025620496396,S1_S3,India,,,
source_pair_x_country,either_addr_missing,1249,0.040032025620496396,0.0,0.0,0.0,0.040032025620496396,S1_S3,India,,,
source_pair_x_country,numeric_exact_set,1249,0.55484387510008,0.0,1.0,1.0,0.55484387510008,S1_S3,India,,,
source_pair_x_country,numeric_any_overlap,1249,0.7806244995996797,0.0,1.0,1.0,0.7806244995996797,S1_S3,India,,,
source_pair_x_country,numeric_conflict,1249,0.07365892714171338,0.0,0.0,0.0,0.07365892714171338,S1_S3,India,,,
source_pair_x_country,numeric_one_side_missing,1249,0.053642914331465175,0.0,0.0,0.0,0.053642914331465175,S1_S3,India,,,
source_pair_x_country,numeric_both_missing,1249,0.09207365892714171,0.0,0.0,0.0,0.09207365892714171,S1_S3,India,,,
source_pair_x_country,numeric_jaccard,1249,0.7537363223912463,0.0,1.0,1.0,0.6469175340272217,S1_S3,India,,,
source_pair_x_country,postcode_any_overlap,1249,0.0,0.0,0.0,0.0,0.0,S1_S3,India,,,
source_pair_x_country,postcode_both_present,1249,0.0,0.0,0.0,0.0,0.0,S1_S3,India,,,
source_pair_x_country,house_number_agree,1249,0.6701361088871097,0.0,1.0,1.0,0.6701361088871097,S1_S3,India,,,
source_pair_x_country,name_exact,1843,0.2631578947368421,0.0,0.0,1.0,0.2631578947368421,S1_S3,US,,,
source_pair_x_country,name_ratio,1843,0.8551479378308425,0.6545454545454545,0.9019607843137255,1.0,0.2631578947368421,S1_S3,US,,,
source_pair_x_country,name_token_set,1843,0.9257583632059404,0.7619047619047619,1.0,1.0,0.6104177970699945,S1_S3,US,,,
source_pair_x_country,name_wratio,1843,0.9167925288285426,0.8094074074074075,0.95,1.0,0.2631578947368421,S1_S3,US,,,
source_pair_x_country,name_jaro_winkler,1843,0.9175726699199049,0.7650646655740034,0.9555555555555556,1.0,0.2631578947368421,S1_S3,US,,,
source_pair_x_country,name_len_s1,1843,22.56809549647314,14.0,22.0,32.0,0.0,S1_S3,US,,,
source_pair_x_country,name_len_cand,1843,22.451437873033097,12.0,22.0,34.0,0.0,S1_S3,US,,,
source_pair_x_country,name_len_ratio,1843,0.8701867521261928,0.6,0.9444444444444444,1.0,0.44275637547476937,S1_S3,US,,,
source_pair_x_country,name_sorted_token_equal,1843,0.3157894736842105,0.0,0.0,1.0,0.3157894736842105,S1_S3,US,,,
source_pair_x_country,addr_exact,1843,0.03689636462289745,0.0,0.0,0.0,0.03689636462289745,S1_S3,US,,,
source_pair_x_country,addr_ratio,1843,0.740086191744433,0.4865804935370153,0.8125,0.9273948391657829,0.03689636462289745,S1_S3,US,,,
source_pair_x_country,addr_token_jaccard,1843,0.4737387394061295,0.2222222222222222,0.4444444444444444,0.7142857142857143,0.05263157894736842,S1_S3,US,,,
source_pair_x_country,addr_containment_s1_in_cand,1843,0.6199256341415863,0.4,0.6,0.8333333333333334,0.05425935973955507,S1_S3,US,,,
source_pair_x_country,addr_containment_cand_in_s1,1843,0.6087070025892598,0.3333333333333333,0.6,0.8333333333333334,0.05534454693434617,S1_S3,US,,,
source_pair_x_country,addr_len_ratio,1843,0.8213217238450051,0.702242668200115,0.8648648648648649,0.975609756097561,0.08790016277807922,S1_S3,US,,,
source_pair_x_country,country_equal,1843,1.0,1.0,1.0,1.0,1.0,S1_S3,US,,,
source_pair_x_country,s1_name_missing,1843,0.0,0.0,0.0,0.0,0.0,S1_S3,US,,,
source_pair_x_country,cand_name_missing,1843,0.0,0.0,0.0,0.0,0.0,S1_S3,US,,,
source_pair_x_country,s1_addr_missing,1843,0.0,0.0,0.0,0.0,0.0,S1_S3,US,,,
source_pair_x_country,cand_addr_missing,1843,0.049918610960390665,0.0,0.0,0.0,0.049918610960390665,S1_S3,US,,,
source_pair_x_country,either_addr_missing,1843,0.049918610960390665,0.0,0.0,0.0,0.049918610960390665,S1_S3,US,,,
source_pair_x_country,numeric_exact_set,1843,0.5984807379272925,0.0,1.0,1.0,0.5984807379272925,S1_S3,US,,,
source_pair_x_country,numeric_any_overlap,1843,0.7308735756918069,0.0,1.0,1.0,0.7308735756918069,S1_S3,US,,,
source_pair_x_country,numeric_conflict,1843,0.14595767769940315,0.0,0.0,1.0,0.14595767769940315,S1_S3,US,,,
source_pair_x_country,numeric_one_side_missing,1843,0.12316874660879001,0.0,0.0,1.0,0.12316874660879001,S1_S3,US,,,
source_pair_x_country,numeric_both_missing,1843,0.0,0.0,0.0,0.0,0.0,S1_S3,US,,,
source_pair_x_country,numeric_jaccard,1843,0.6578043045758728,0.0,1.0,1.0,0.5984807379272925,S1_S3,US,,,
source_pair_x_country,postcode_any_overlap,1843,0.07976125881714596,0.0,0.0,0.0,0.07976125881714596,S1_S3,US,,,
source_pair_x_country,postcode_both_present,1843,0.08410200759631037,0.0,0.0,0.0,0.08410200759631037,S1_S3,US,,,
source_pair_x_country,house_number_agree,1843,0.6597938144329897,0.0,1.0,1.0,0.6597938144329897,S1_S3,US,,,
