breakdown,neg_type,feature,n,mean,p10,p50,p90,rate_eq_1,source_pair
neg_type,address_hard,name_exact,3000,0.0,0.0,0.0,0.0,0.0,
neg_type,address_hard,name_ratio,3000,0.3058832205984419,0.1051264524948736,0.3157894736842105,0.45840163934426226,0.0,
neg_type,address_hard,name_token_set,3000,0.3144610367920041,0.11764705882352942,0.31578947368421056,0.48275862068965514,0.0003333333333333333,
neg_type,address_hard,name_wratio,3000,0.3639690931072866,0.12901038819026792,0.36,0.5261700404858299,0.0,
neg_type,address_hard,name_jaro_winkler,3000,0.5253053531635357,0.3991373784261715,0.5322865353037767,0.6368843320422268,0.0,
neg_type,address_hard,name_len_s1,3000,24.034666666666666,14.0,24.0,33.0,0.0,
neg_type,address_hard,name_len_cand,3000,25.097,13.0,25.0,37.0,0.0,
neg_type,address_hard,name_len_ratio,3000,0.6961301220823557,0.4135902636916836,0.725,0.9413445378151258,0.03966666666666667,
neg_type,address_hard,name_sorted_token_equal,3000,0.0,0.0,0.0,0.0,0.0,
neg_type,address_hard,addr_exact,3000,0.0,0.0,0.0,0.0,0.0,
neg_type,address_hard,addr_ratio,3000,0.5381411472444022,0.3870967741935484,0.5376344086021505,0.6946233848093287,0.0,
neg_type,address_hard,addr_token_jaccard,3000,0.222821056121461,0.1,0.2222222222222222,0.375,0.0,
neg_type,address_hard,addr_containment_s1_in_cand,3000,0.3306369771121925,0.16666666666666666,0.3333333333333333,0.5454545454545454,0.0,
neg_type,address_hard,addr_containment_cand_in_s1,3000,0.4061265466766274,0.2,0.4,0.6363636363636364,0.001,
neg_type,address_hard,addr_len_ratio,3000,0.73649771773798,0.40384615384615385,0.7931034482758621,0.9666666666666667,0.041666666666666664,
neg_type,address_hard,country_equal,3000,0.996,1.0,1.0,1.0,0.996,
neg_type,address_hard,s1_name_missing,3000,0.0,0.0,0.0,0.0,0.0,
neg_type,address_hard,cand_name_missing,3000,0.0,0.0,0.0,0.0,0.0,
neg_type,address_hard,s1_addr_missing,3000,0.0,0.0,0.0,0.0,0.0,
neg_type,address_hard,cand_addr_missing,3000,0.0,0.0,0.0,0.0,0.0,
neg_type,address_hard,either_addr_missing,3000,0.0,0.0,0.0,0.0,0.0,
neg_type,address_hard,numeric_exact_set,3000,0.003,0.0,0.0,0.0,0.003,
neg_type,address_hard,numeric_any_overlap,3000,0.04,0.0,0.0,0.0,0.04,
neg_type,address_hard,numeric_conflict,3000,0.8503333333333334,0.0,1.0,1.0,0.8503333333333334,
neg_type,address_hard,numeric_one_side_missing,3000,0.10533333333333333,0.0,0.0,1.0,0.10533333333333333,
neg_type,address_hard,numeric_both_missing,3000,0.004333333333333333,0.0,0.0,0.0,0.004333333333333333,
neg_type,address_hard,numeric_jaccard,3000,0.019636507936507935,0.0,0.0,0.0,0.007333333333333333,
neg_type,address_hard,postcode_any_overlap,3000,0.0,0.0,0.0,0.0,0.0,
neg_type,address_hard,postcode_both_present,3000,0.012,0.0,0.0,0.0,0.012,
neg_type,address_hard,house_number_agree,3000,0.019,0.0,0.0,0.0,0.019,
neg_type,hybrid_hard,name_exact,2000,0.014,0.0,0.0,0.0,0.014,
neg_type,hybrid_hard,name_ratio,2000,0.6006375663649807,0.36363636363636365,0.6,0.8400579710144928,0.014,
neg_type,hybrid_hard,name_token_set,2000,0.7141268847914218,0.3782763895971443,0.75,1.0,0.105,
neg_type,hybrid_hard,name_wratio,2000,0.7263907632020279,0.4289861751152074,0.7967741935483871,0.9,0.014,
neg_type,hybrid_hard,name_jaro_winkler,2000,0.7000373980221203,0.5387431196254725,0.6851851851851851,0.8905206766917293,0.014,
neg_type,hybrid_hard,name_len_s1,2000,23.8525,14.0,24.0,33.0,0.0,
neg_type,hybrid_hard,name_len_cand,2000,22.928,12.0,23.0,34.0,0.0,
neg_type,hybrid_hard,name_len_ratio,2000,0.7494898647321484,0.48,0.782608695652174,0.9642857142857143,0.0695,
neg_type,hybrid_hard,name_sorted_token_equal,2000,0.0175,0.0,0.0,0.0,0.0175,
neg_type,hybrid_hard,addr_exact,2000,0.0,0.0,0.0,0.0,0.0,
neg_type,hybrid_hard,addr_ratio,2000,0.4205521254136572,0.2894736842105263,0.4,0.6043890937670033,0.0,
neg_type,hybrid_hard,addr_token_jaccard,2000,0.09496868981712285,0.0,0.0625,0.25,0.0,
neg_type,hybrid_hard,addr_containment_s1_in_cand,2000,0.15127229767482409,0.0,0.1111111111111111,0.4,0.0,
neg_type,hybrid_hard,addr_containment_cand_in_s1,2000,0.16972984337260905,0.0,0.125,0.5,0.0,
neg_type,hybrid_hard,addr_len_ratio,2000,0.7320990552087894,0.43287253983130275,0.78125,0.9642857142857143,0.034,
neg_type,hybrid_hard,country_equal,2000,0.957,1.0,1.0,1.0,0.957,
neg_type,hybrid_hard,s1_name_missing,2000,0.0,0.0,0.0,0.0,0.0,
neg_type,hybrid_hard,cand_name_missing,2000,0.0,0.0,0.0,0.0,0.0,
neg_type,hybrid_hard,s1_addr_missing,2000,0.0,0.0,0.0,0.0,0.0,
neg_type,hybrid_hard,cand_addr_missing,2000,0.0165,0.0,0.0,0.0,0.0165,
neg_type,hybrid_hard,either_addr_missing,2000,0.0165,0.0,0.0,0.0,0.0165,
neg_type,hybrid_hard,numeric_exact_set,2000,0.001,0.0,0.0,0.0,0.001,
neg_type,hybrid_hard,numeric_any_overlap,2000,0.016,0.0,0.0,0.0,0.016,
neg_type,hybrid_hard,numeric_conflict,2000,0.886,0.0,1.0,1.0,0.886,
neg_type,hybrid_hard,numeric_one_side_missing,2000,0.096,0.0,0.0,0.0,0.096,
neg_type,hybrid_hard,numeric_both_missing,2000,0.002,0.0,0.0,0.0,0.002,
neg_type,hybrid_hard,numeric_jaccard,2000,0.007489285714285714,0.0,0.0,0.0,0.003,
neg_type,hybrid_hard,postcode_any_overlap,2000,0.0,0.0,0.0,0.0,0.0,
neg_type,hybrid_hard,postcode_both_present,2000,0.0065,0.0,0.0,0.0,0.0065,
neg_type,hybrid_hard,house_number_agree,2000,0.0065,0.0,0.0,0.0,0.0065,
neg_type,name_hard,name_exact,3000,0.013,0.0,0.0,0.0,0.013,
neg_type,name_hard,name_ratio,3000,0.6544201582484994,0.45704260651629075,0.6466063348416289,0.8679245283018868,0.013,
neg_type,name_hard,name_token_set,3000,0.7899740441619424,0.5833333333333334,0.8095238095238095,1.0,0.111,
neg_type,name_hard,name_wratio,3000,0.7938511384473189,0.6045454545454545,0.855,0.9,0.013,
neg_type,name_hard,name_jaro_winkler,3000,0.7307207964798269,0.5801671557811908,0.7221494299474176,0.9017708665603401,0.013,
neg_type,name_hard,name_len_s1,3000,23.893333333333334,14.0,24.0,33.0,0.0,
neg_type,name_hard,name_len_cand,3000,21.620333333333335,11.0,21.0,32.0,0.0,
neg_type,name_hard,name_len_ratio,3000,0.7541442962753031,0.4837597330367075,0.7894736842105263,0.96875,0.083,
neg_type,name_hard,name_sorted_token_equal,3000,0.016,0.0,0.0,0.0,0.016,
neg_type,name_hard,addr_exact,3000,0.0,0.0,0.0,0.0,0.0,
neg_type,name_hard,addr_ratio,3000,0.33380251202930594,0.2568336861914844,0.34375,0.41905902480752777,0.0,
neg_type,name_hard,addr_token_jaccard,3000,0.015539887432827745,0.0,0.0,0.0625,0.0,
neg_type,name_hard,addr_containment_s1_in_cand,3000,0.02852192290934214,0.0,0.0,0.1111111111111111,0.0,
neg_type,name_hard,addr_containment_cand_in_s1,3000,0.030414793054694116,0.0,0.0,0.13333333333333333,0.0,
neg_type,name_hard,addr_len_ratio,3000,0.7012886511465397,0.3835513441137089,0.7575757575757576,0.9459459459459459,0.024666666666666667,
neg_type,name_hard,country_equal,3000,0.9143333333333333,1.0,1.0,1.0,0.9143333333333333,
neg_type,name_hard,s1_name_missing,3000,0.0,0.0,0.0,0.0,0.0,
neg_type,name_hard,cand_name_missing,3000,0.0,0.0,0.0,0.0,0.0,
neg_type,name_hard,s1_addr_missing,3000,0.0,0.0,0.0,0.0,0.0,
neg_type,name_hard,cand_addr_missing,3000,0.03933333333333333,0.0,0.0,0.0,0.03933333333333333,
neg_type,name_hard,either_addr_missing,3000,0.03933333333333333,0.0,0.0,0.0,0.03933333333333333,
neg_type,name_hard,numeric_exact_set,3000,0.0003333333333333333,0.0,0.0,0.0,0.0003333333333333333,
neg_type,name_hard,numeric_any_overlap,3000,0.004333333333333333,0.0,0.0,0.0,0.004333333333333333,
neg_type,name_hard,numeric_conflict,3000,0.8696666666666667,0.0,1.0,1.0,0.8696666666666667,
neg_type,name_hard,numeric_one_side_missing,3000,0.12166666666666667,0.0,0.0,1.0,0.12166666666666667,
neg_type,name_hard,numeric_both_missing,3000,0.004333333333333333,0.0,0.0,0.0,0.004333333333333333,
neg_type,name_hard,numeric_jaccard,3000,0.00615,0.0,0.0,0.0,0.004666666666666667,
neg_type,name_hard,postcode_any_overlap,3000,0.0,0.0,0.0,0.0,0.0,
neg_type,name_hard,postcode_both_present,3000,0.0036666666666666666,0.0,0.0,0.0,0.0036666666666666666,
neg_type,name_hard,house_number_agree,3000,0.0023333333333333335,0.0,0.0,0.0,0.0023333333333333335,
neg_type,random,name_exact,3000,0.0,0.0,0.0,0.0,0.0,
neg_type,random,name_ratio,3000,0.32130102931686033,0.21052631578947367,0.32258064516129037,0.4285714285714286,0.0,
neg_type,random,name_token_set,3000,0.3256217250000442,0.2,0.32432432432432434,0.4314785373608902,0.0,
neg_type,random,name_wratio,3000,0.3740170848297509,0.2666666666666667,0.36642857142857144,0.475,0.0,
neg_type,random,name_jaro_winkler,3000,0.5372464910874133,0.43005357142857137,0.5422420634920635,0.6267167542602324,0.0,
neg_type,random,name_len_s1,3000,24.050333333333334,14.0,24.0,33.09999999999991,0.0,
neg_type,random,name_len_cand,3000,24.440333333333335,13.0,24.0,36.0,0.0,
neg_type,random,name_len_ratio,3000,0.6906962424423324,0.4184108527131784,0.7083333333333334,0.9411764705882353,0.035333333333333335,
neg_type,random,name_sorted_token_equal,3000,0.0,0.0,0.0,0.0,0.0,
neg_type,random,addr_exact,3000,0.0,0.0,0.0,0.0,0.0,
neg_type,random,addr_ratio,3000,0.3121325762160715,0.23853211009174313,0.3172413793103448,0.39507651363938784,0.0,
neg_type,random,addr_token_jaccard,3000,0.008711306347065554,0.0,0.0,0.041666666666666664,0.0,
neg_type,random,addr_containment_s1_in_cand,3000,0.016410512632524344,0.0,0.0,0.07692307692307693,0.0,
neg_type,random,addr_containment_cand_in_s1,3000,0.017318978999518102,0.0,0.0,0.07692307692307693,0.0,
neg_type,random,addr_len_ratio,3000,0.6250470952860137,0.3262929061784897,0.6443376068376069,0.9210526315789473,0.018333333333333333,
neg_type,random,country_equal,3000,0.5066666666666667,0.0,1.0,1.0,0.5066666666666667,
neg_type,random,s1_name_missing,3000,0.0,0.0,0.0,0.0,0.0,
neg_type,random,cand_name_missing,3000,0.0,0.0,0.0,0.0,0.0,
neg_type,random,s1_addr_missing,3000,0.0,0.0,0.0,0.0,0.0,
neg_type,random,cand_addr_missing,3000,0.030666666666666665,0.0,0.0,0.0,0.030666666666666665,
neg_type,random,either_addr_missing,3000,0.030666666666666665,0.0,0.0,0.0,0.030666666666666665,
neg_type,random,numeric_exact_set,3000,0.0006666666666666666,0.0,0.0,0.0,0.0006666666666666666,
neg_type,random,numeric_any_overlap,3000,0.003,0.0,0.0,0.0,0.003,
neg_type,random,numeric_conflict,3000,0.884,0.0,1.0,1.0,0.884,
neg_type,random,numeric_one_side_missing,3000,0.10933333333333334,0.0,0.0,1.0,0.10933333333333334,
neg_type,random,numeric_both_missing,3000,0.0036666666666666666,0.0,0.0,0.0,0.0036666666666666666,
neg_type,random,numeric_jaccard,3000,0.004975396825396825,0.0,0.0,0.0,0.004333333333333333,
neg_type,random,postcode_any_overlap,3000,0.0,0.0,0.0,0.0,0.0,
neg_type,random,postcode_both_present,3000,0.0026666666666666666,0.0,0.0,0.0,0.0026666666666666666,
neg_type,random,house_number_agree,3000,0.0013333333333333333,0.0,0.0,0.0,0.0013333333333333333,
neg_type_x_pair,address_hard,name_exact,2204,0.0,0.0,0.0,0.0,0.0,S1_S2
neg_type_x_pair,address_hard,name_ratio,2204,0.2948421010446339,0.09677419354838712,0.31034482758620685,0.4545454545454546,0.0,S1_S2
neg_type_x_pair,address_hard,name_token_set,2204,0.3044716465428077,0.11111111111111115,0.3076923076923077,0.47275541795665654,0.0,S1_S2
neg_type_x_pair,address_hard,name_wratio,2204,0.34836831534531065,0.1169230769230769,0.35625,0.5105811368688473,0.0,S1_S2
neg_type_x_pair,address_hard,name_jaro_winkler,2204,0.5182803677469365,0.396969696969697,0.5244708994708994,0.6327326962736955,0.0,S1_S2
neg_type_x_pair,address_hard,name_len_s1,2204,24.066243194192378,14.0,24.0,33.0,0.0,S1_S2
neg_type_x_pair,address_hard,name_len_cand,2204,24.950544464609802,14.0,25.0,36.0,0.0,S1_S2
neg_type_x_pair,address_hard,name_len_ratio,2204,0.7077909941905192,0.43000000000000005,0.7391304347826086,0.9444444444444444,0.04038112522686026,S1_S2
neg_type_x_pair,address_hard,name_sorted_token_equal,2204,0.0,0.0,0.0,0.0,0.0,S1_S2
neg_type_x_pair,address_hard,addr_exact,2204,0.0,0.0,0.0,0.0,0.0,S1_S2
neg_type_x_pair,address_hard,addr_ratio,2204,0.5431398224747532,0.3928571428571429,0.5428571428571429,0.694560878243513,0.0,S1_S2
neg_type_x_pair,address_hard,addr_token_jaccard,2204,0.23420131854903883,0.10526315789473684,0.2222222222222222,0.38461538461538464,0.0,S1_S2
neg_type_x_pair,address_hard,addr_containment_s1_in_cand,2204,0.3412626565147792,0.16666666666666666,0.3333333333333333,0.5555555555555556,0.0,S1_S2
neg_type_x_pair,address_hard,addr_containment_cand_in_s1,2204,0.4318770135106918,0.2,0.4,0.6666666666666666,0.0013611615245009074,S1_S2
neg_type_x_pair,address_hard,addr_len_ratio,2204,0.7310876246258793,0.40265151515151515,0.7878787878787878,0.9671739130434782,0.043557168784029036,S1_S2
neg_type_x_pair,address_hard,country_equal,2204,0.9990925589836661,1.0,1.0,1.0,0.9990925589836661,S1_S2
neg_type_x_pair,address_hard,s1_name_missing,2204,0.0,0.0,0.0,0.0,0.0,S1_S2
neg_type_x_pair,address_hard,cand_name_missing,2204,0.0,0.0,0.0,0.0,0.0,S1_S2
neg_type_x_pair,address_hard,s1_addr_missing,2204,0.0,0.0,0.0,0.0,0.0,S1_S2
neg_type_x_pair,address_hard,cand_addr_missing,2204,0.0,0.0,0.0,0.0,0.0,S1_S2
neg_type_x_pair,address_hard,either_addr_missing,2204,0.0,0.0,0.0,0.0,0.0,S1_S2
neg_type_x_pair,address_hard,numeric_exact_set,2204,0.0018148820326678765,0.0,0.0,0.0,0.0018148820326678765,S1_S2
neg_type_x_pair,address_hard,numeric_any_overlap,2204,0.04038112522686026,0.0,0.0,0.0,0.04038112522686026,S1_S2
neg_type_x_pair,address_hard,numeric_conflict,2204,0.8516333938294011,0.0,1.0,1.0,0.8516333938294011,S1_S2
neg_type_x_pair,address_hard,numeric_one_side_missing,2204,0.10435571687840291,0.0,0.0,1.0,0.10435571687840291,S1_S2
neg_type_x_pair,address_hard,numeric_both_missing,2204,0.003629764065335753,0.0,0.0,0.0,0.003629764065335753,S1_S2
neg_type_x_pair,address_hard,numeric_jaccard,2204,0.018141258318209317,0.0,0.0,0.0,0.0054446460980036296,S1_S2
neg_type_x_pair,address_hard,postcode_any_overlap,2204,0.0,0.0,0.0,0.0,0.0,S1_S2
neg_type_x_pair,address_hard,postcode_both_present,2204,0.011796733212341199,0.0,0.0,0.0,0.011796733212341199,S1_S2
neg_type_x_pair,address_hard,house_number_agree,2204,0.017695099818511795,0.0,0.0,0.0,0.017695099818511795,S1_S2
neg_type_x_pair,address_hard,name_exact,796,0.0,0.0,0.0,0.0,0.0,S1_S3
neg_type_x_pair,address_hard,name_ratio,796,0.3364543606695386,0.20833333333333337,0.326530612244898,0.48017736045905063,0.0,S1_S3
neg_type_x_pair,address_hard,name_token_set,796,0.34212010225585976,0.2,0.3272727272727273,0.5,0.001256281407035176,S1_S3
neg_type_x_pair,address_hard,name_wratio,796,0.40716521645828524,0.27692307692307694,0.38,0.595774647887324,0.0,S1_S3
neg_type_x_pair,address_hard,name_jaro_winkler,796,0.5447564434376365,0.43456271397447865,0.5485888294711824,0.6474902412402412,0.0,S1_S3
neg_type_x_pair,address_hard,name_len_s1,796,23.94723618090452,14.0,24.0,33.0,0.0,S1_S3
neg_type_x_pair,address_hard,name_len_cand,796,25.502512562814072,11.0,26.0,39.0,0.0,S1_S3
neg_type_x_pair,address_hard,name_len_ratio,796,0.663842983732617,0.3494186046511628,0.6842105263157895,0.9393939393939394,0.03768844221105527,S1_S3
neg_type_x_pair,address_hard,name_sorted_token_equal,796,0.0,0.0,0.0,0.0,0.0,S1_S3
neg_type_x_pair,address_hard,addr_exact,796,0.0,0.0,0.0,0.0,0.0,S1_S3
neg_type_x_pair,address_hard,addr_ratio,796,0.5243005942196612,0.3661971830985915,0.5161290322580645,0.6950483091787439,0.0,S1_S3
neg_type_x_pair,address_hard,addr_token_jaccard,796,0.19131088226419768,0.08333333333333333,0.17647058823529413,0.3333333333333333,0.0,S1_S3
neg_type_x_pair,address_hard,addr_containment_s1_in_cand,796,0.3012161261030202,0.14285714285714285,0.2857142857142857,0.5,0.0,S1_S3
neg_type_x_pair,address_hard,addr_containment_cand_in_s1,796,0.3348275153923588,0.14285714285714285,0.3333333333333333,0.5714285714285714,0.0,S1_S3
neg_type_x_pair,address_hard,addr_len_ratio,796,0.7514774227870626,0.433300395256917,0.8057628524046434,0.9649122807017544,0.0364321608040201,S1_S3
neg_type_x_pair,address_hard,country_equal,796,0.9874371859296482,1.0,1.0,1.0,0.9874371859296482,S1_S3
neg_type_x_pair,address_hard,s1_name_missing,796,0.0,0.0,0.0,0.0,0.0,S1_S3
neg_type_x_pair,address_hard,cand_name_missing,796,0.0,0.0,0.0,0.0,0.0,S1_S3
neg_type_x_pair,address_hard,s1_addr_missing,796,0.0,0.0,0.0,0.0,0.0,S1_S3
neg_type_x_pair,address_hard,cand_addr_missing,796,0.0,0.0,0.0,0.0,0.0,S1_S3
neg_type_x_pair,address_hard,either_addr_missing,796,0.0,0.0,0.0,0.0,0.0,S1_S3
neg_type_x_pair,address_hard,numeric_exact_set,796,0.00628140703517588,0.0,0.0,0.0,0.00628140703517588,S1_S3
neg_type_x_pair,address_hard,numeric_any_overlap,796,0.038944723618090454,0.0,0.0,0.0,0.038944723618090454,S1_S3
neg_type_x_pair,address_hard,numeric_conflict,796,0.8467336683417085,0.0,1.0,1.0,0.8467336683417085,S1_S3
neg_type_x_pair,address_hard,numeric_one_side_missing,796,0.10804020100502512,0.0,0.0,1.0,0.10804020100502512,S1_S3
neg_type_x_pair,address_hard,numeric_both_missing,796,0.00628140703517588,0.0,0.0,0.0,0.00628140703517588,S1_S3
neg_type_x_pair,address_hard,numeric_jaccard,796,0.023776621201244318,0.0,0.0,0.0,0.01256281407035176,S1_S3
neg_type_x_pair,address_hard,postcode_any_overlap,796,0.0,0.0,0.0,0.0,0.0,S1_S3
neg_type_x_pair,address_hard,postcode_both_present,796,0.01256281407035176,0.0,0.0,0.0,0.01256281407035176,S1_S3
neg_type_x_pair,address_hard,house_number_agree,796,0.022613065326633167,0.0,0.0,0.0,0.022613065326633167,S1_S3
neg_type_x_pair,hybrid_hard,name_exact,1089,0.006427915518824609,0.0,0.0,0.0,0.006427915518824609,S1_S2
neg_type_x_pair,hybrid_hard,name_ratio,1089,0.5780586421061129,0.3223502304147466,0.576271186440678,0.826086956521739,0.006427915518824609,S1_S2
neg_type_x_pair,hybrid_hard,name_token_set,1089,0.6775804946959127,0.3370892018779343,0.7142857142857143,0.9285714285714286,0.06703397612488522,S1_S2
neg_type_x_pair,hybrid_hard,name_wratio,1089,0.6974070311364776,0.37265291083271923,0.769047619047619,0.8821428571428571,0.006427915518824609,S1_S2
neg_type_x_pair,hybrid_hard,name_jaro_winkler,1089,0.6820573960132094,0.524433431492255,0.6702020202020202,0.8750476190476191,0.006427915518824609,S1_S2
neg_type_x_pair,hybrid_hard,name_len_s1,1089,24.082644628099175,14.0,24.0,33.0,0.0,S1_S2
neg_type_x_pair,hybrid_hard,name_len_cand,1089,23.73186409550046,14.0,24.0,34.0,0.0,S1_S2
neg_type_x_pair,hybrid_hard,name_len_ratio,1089,0.7561286599435996,0.5,0.7878787878787878,0.9629629629629629,0.05876951331496786,S1_S2
neg_type_x_pair,hybrid_hard,name_sorted_token_equal,1089,0.011937557392102846,0.0,0.0,0.0,0.011937557392102846,S1_S2
neg_type_x_pair,hybrid_hard,addr_exact,1089,0.0,0.0,0.0,0.0,0.0,S1_S2
neg_type_x_pair,hybrid_hard,addr_ratio,1089,0.44541349803605335,0.30508474576271183,0.4193548387096774,0.6309311740890688,0.0,S1_S2
neg_type_x_pair,hybrid_hard,addr_token_jaccard,1089,0.1182598761619429,0.0,0.09090909090909091,0.3,0.0,S1_S2
neg_type_x_pair,hybrid_hard,addr_containment_s1_in_cand,1089,0.18543865926179282,0.0,0.16666666666666666,0.42857142857142855,0.0,S1_S2
neg_type_x_pair,hybrid_hard,addr_containment_cand_in_s1,1089,0.2055490782147346,0.0,0.16666666666666666,0.5,0.0,S1_S2
neg_type_x_pair,hybrid_hard,addr_len_ratio,1089,0.7600831907586086,0.5180406212664277,0.8082191780821918,0.9655172413793104,0.03856749311294766,S1_S2
neg_type_x_pair,hybrid_hard,country_equal,1089,0.9724517906336089,1.0,1.0,1.0,0.9724517906336089,S1_S2
neg_type_x_pair,hybrid_hard,s1_name_missing,1089,0.0,0.0,0.0,0.0,0.0,S1_S2
neg_type_x_pair,hybrid_hard,cand_name_missing,1089,0.0,0.0,0.0,0.0,0.0,S1_S2
neg_type_x_pair,hybrid_hard,s1_addr_missing,1089,0.0,0.0,0.0,0.0,0.0,S1_S2
neg_type_x_pair,hybrid_hard,cand_addr_missing,1089,0.013774104683195593,0.0,0.0,0.0,0.013774104683195593,S1_S2
neg_type_x_pair,hybrid_hard,either_addr_missing,1089,0.013774104683195593,0.0,0.0,0.0,0.013774104683195593,S1_S2
neg_type_x_pair,hybrid_hard,numeric_exact_set,1089,0.0009182736455463728,0.0,0.0,0.0,0.0009182736455463728,S1_S2
neg_type_x_pair,hybrid_hard,numeric_any_overlap,1089,0.017447199265381085,0.0,0.0,0.0,0.017447199265381085,S1_S2
neg_type_x_pair,hybrid_hard,numeric_conflict,1089,0.8833792470156107,0.0,1.0,1.0,0.8833792470156107,S1_S2
neg_type_x_pair,hybrid_hard,numeric_one_side_missing,1089,0.09733700642791551,0.0,0.0,0.0,0.09733700642791551,S1_S2
neg_type_x_pair,hybrid_hard,numeric_both_missing,1089,0.0018365472910927456,0.0,0.0,0.0,0.0018365472910927456,S1_S2
neg_type_x_pair,hybrid_hard,numeric_jaccard,1089,0.007669771306134943,0.0,0.0,0.0,0.0027548209366391185,S1_S2
neg_type_x_pair,hybrid_hard,postcode_any_overlap,1089,0.0,0.0,0.0,0.0,0.0,S1_S2
neg_type_x_pair,hybrid_hard,postcode_both_present,1089,0.008264462809917356,0.0,0.0,0.0,0.008264462809917356,S1_S2
neg_type_x_pair,hybrid_hard,house_number_agree,1089,0.006427915518824609,0.0,0.0,0.0,0.006427915518824609,S1_S2
neg_type_x_pair,hybrid_hard,name_exact,911,0.02305159165751921,0.0,0.0,0.0,0.02305159165751921,S1_S3
neg_type_x_pair,hybrid_hard,name_ratio,911,0.6276281794472058,0.4,0.6222222222222222,0.8571428571428572,0.02305159165751921,S1_S3
neg_type_x_pair,hybrid_hard,name_token_set,911,0.757814062413825,0.5,0.7777777777777777,1.0,0.150384193194292,S1_S3
neg_type_x_pair,hybrid_hard,name_wratio,911,0.7610376174494307,0.534375,0.8290909090909091,0.9,0.02305159165751921,S1_S3
neg_type_x_pair,hybrid_hard,name_jaro_winkler,911,0.7215305068999515,0.5608465608465608,0.7077991452991452,0.9026515151515151,0.02305159165751921,S1_S3
neg_type_x_pair,hybrid_hard,name_len_s1,911,23.577387486278816,14.0,23.0,33.0,0.0,S1_S3
neg_type_x_pair,hybrid_hard,name_len_cand,911,21.967069154774972,11.0,21.0,34.0,0.0,S1_S3
neg_type_x_pair,hybrid_hard,name_len_ratio,911,0.7415539174376693,0.45,0.7777777777777778,0.967741935483871,0.08232711306256861,S1_S3
neg_type_x_pair,hybrid_hard,name_sorted_token_equal,911,0.024149286498353458,0.0,0.0,0.0,0.024149286498353458,S1_S3
neg_type_x_pair,hybrid_hard,addr_exact,911,0.0,0.0,0.0,0.0,0.0,S1_S3
neg_type_x_pair,hybrid_hard,addr_ratio,911,0.39083309710872927,0.2696629213483146,0.3779527559055118,0.5376344086021505,0.0,S1_S3
neg_type_x_pair,hybrid_hard,addr_token_jaccard,911,0.06712664598670676,0.0,0.038461538461538464,0.19047619047619047,0.0,S1_S3
neg_type_x_pair,hybrid_hard,addr_containment_s1_in_cand,911,0.11043018157360682,0.0,0.06666666666666667,0.29411764705882354,0.0,S1_S3
neg_type_x_pair,hybrid_hard,addr_containment_cand_in_s1,911,0.12691189963707153,0.0,0.06666666666666667,0.38461538461538464,0.0,S1_S3
neg_type_x_pair,hybrid_hard,addr_len_ratio,911,0.6986471083221231,0.36507936507936506,0.75,0.9558823529411765,0.02854006586169045,S1_S3
neg_type_x_pair,hybrid_hard,country_equal,911,0.9385290889132821,1.0,1.0,1.0,0.9385290889132821,S1_S3
neg_type_x_pair,hybrid_hard,s1_name_missing,911,0.0,0.0,0.0,0.0,0.0,S1_S3
neg_type_x_pair,hybrid_hard,cand_name_missing,911,0.0,0.0,0.0,0.0,0.0,S1_S3
neg_type_x_pair,hybrid_hard,s1_addr_missing,911,0.0,0.0,0.0,0.0,0.0,S1_S3
neg_type_x_pair,hybrid_hard,cand_addr_missing,911,0.019758507135016465,0.0,0.0,0.0,0.019758507135016465,S1_S3
neg_type_x_pair,hybrid_hard,either_addr_missing,911,0.019758507135016465,0.0,0.0,0.0,0.019758507135016465,S1_S3
neg_type_x_pair,hybrid_hard,numeric_exact_set,911,0.0010976948408342481,0.0,0.0,0.0,0.0010976948408342481,S1_S3
neg_type_x_pair,hybrid_hard,numeric_any_overlap,911,0.014270032930845226,0.0,0.0,0.0,0.014270032930845226,S1_S3
neg_type_x_pair,hybrid_hard,numeric_conflict,911,0.889132821075741,0.0,1.0,1.0,0.889132821075741,S1_S3
neg_type_x_pair,hybrid_hard,numeric_one_side_missing,911,0.09440175631174534,0.0,0.0,0.0,0.09440175631174534,S1_S3
neg_type_x_pair,hybrid_hard,numeric_both_missing,911,0.0021953896816684962,0.0,0.0,0.0,0.0021953896816684962,S1_S3
neg_type_x_pair,hybrid_hard,numeric_jaccard,911,0.007273535100099315,0.0,0.0,0.0,0.003293084522502744,S1_S3
neg_type_x_pair,hybrid_hard,postcode_any_overlap,911,0.0,0.0,0.0,0.0,0.0,S1_S3
neg_type_x_pair,hybrid_hard,postcode_both_present,911,0.0043907793633369925,0.0,0.0,0.0,0.0043907793633369925,S1_S3
neg_type_x_pair,hybrid_hard,house_number_agree,911,0.006586169045005488,0.0,0.0,0.0,0.006586169045005488,S1_S3
neg_type_x_pair,name_hard,name_exact,1419,0.007751937984496124,0.0,0.0,0.0,0.007751937984496124,S1_S2
neg_type_x_pair,name_hard,name_ratio,1419,0.6499329675042278,0.45714285714285713,0.6382978723404256,0.8615384615384616,0.007751937984496124,S1_S2
neg_type_x_pair,name_hard,name_token_set,1419,0.7800217670865763,0.5787134502923977,0.8,0.9411764705882354,0.07540521494009866,S1_S2
neg_type_x_pair,name_hard,name_wratio,1419,0.7874201529697206,0.6,0.85,0.8982555994729907,0.007751937984496124,S1_S2
neg_type_x_pair,name_hard,name_jaro_winkler,1419,0.7232862264189993,0.577063122063122,0.714565527065527,0.8966045400238949,0.007751937984496124,S1_S2
neg_type_x_pair,name_hard,name_len_s1,1419,24.101479915433405,14.0,24.0,33.0,0.0,S1_S2
neg_type_x_pair,name_hard,name_len_cand,1419,21.98661028893587,12.0,21.0,32.0,0.0,S1_S2
neg_type_x_pair,name_hard,name_len_ratio,1419,0.7609597835748289,0.5,0.7916666666666666,0.9666666666666667,0.07610993657505286,S1_S2
neg_type_x_pair,name_hard,name_sorted_token_equal,1419,0.011980267794221282,0.0,0.0,0.0,0.011980267794221282,S1_S2
neg_type_x_pair,name_hard,addr_exact,1419,0.0,0.0,0.0,0.0,0.0,S1_S2
neg_type_x_pair,name_hard,addr_ratio,1419,0.3393717615998437,0.264657267865824,0.34782608695652173,0.42622950819672134,0.0,S1_S2
neg_type_x_pair,name_hard,addr_token_jaccard,1419,0.01741233205503525,0.0,0.0,0.07692307692307693,0.0,S1_S2
neg_type_x_pair,name_hard,addr_containment_s1_in_cand,1419,0.031723610062156474,0.0,0.0,0.13333333333333333,0.0,S1_S2
neg_type_x_pair,name_hard,addr_containment_cand_in_s1,1419,0.03389361756906081,0.0,0.0,0.14285714285714285,0.0,S1_S2
neg_type_x_pair,name_hard,addr_len_ratio,1419,0.7155356379000047,0.4145901999560536,0.7777777777777778,0.9444444444444444,0.02466525722339676,S1_S2
neg_type_x_pair,name_hard,country_equal,1419,0.9203664552501761,1.0,1.0,1.0,0.9203664552501761,S1_S2
neg_type_x_pair,name_hard,s1_name_missing,1419,0.0,0.0,0.0,0.0,0.0,S1_S2
neg_type_x_pair,name_hard,cand_name_missing,1419,0.0,0.0,0.0,0.0,0.0,S1_S2
neg_type_x_pair,name_hard,s1_addr_missing,1419,0.0,0.0,0.0,0.0,0.0,S1_S2
neg_type_x_pair,name_hard,cand_addr_missing,1419,0.042283298097251586,0.0,0.0,0.0,0.042283298097251586,S1_S2
neg_type_x_pair,name_hard,either_addr_missing,1419,0.042283298097251586,0.0,0.0,0.0,0.042283298097251586,S1_S2
neg_type_x_pair,name_hard,numeric_exact_set,1419,0.0007047216349541931,0.0,0.0,0.0,0.0007047216349541931,S1_S2
neg_type_x_pair,name_hard,numeric_any_overlap,1419,0.0035236081747709656,0.0,0.0,0.0,0.0035236081747709656,S1_S2
neg_type_x_pair,name_hard,numeric_conflict,1419,0.8773784355179705,0.0,1.0,1.0,0.8773784355179705,S1_S2
neg_type_x_pair,name_hard,numeric_one_side_missing,1419,0.11486962649753348,0.0,0.0,1.0,0.11486962649753348,S1_S2
neg_type_x_pair,name_hard,numeric_both_missing,1419,0.004228329809725159,0.0,0.0,0.0,0.004228329809725159,S1_S2
neg_type_x_pair,name_hard,numeric_jaccard,1419,0.006013624618275781,0.0,0.0,0.0,0.004933051444679351,S1_S2
neg_type_x_pair,name_hard,postcode_any_overlap,1419,0.0,0.0,0.0,0.0,0.0,S1_S2
neg_type_x_pair,name_hard,postcode_both_present,1419,0.0028188865398167725,0.0,0.0,0.0,0.0028188865398167725,S1_S2
neg_type_x_pair,name_hard,house_number_agree,1419,0.0014094432699083862,0.0,0.0,0.0,0.0014094432699083862,S1_S2
neg_type_x_pair,name_hard,name_exact,1581,0.017710309930423784,0.0,0.0,0.0,0.017710309930423784,S1_S3
neg_type_x_pair,name_hard,name_ratio,1581,0.6584475609468687,0.4545454545454546,0.6511627906976745,0.8727272727272728,0.017710309930423784,S1_S3
neg_type_x_pair,name_hard,name_token_set,1581,0.7989065433206676,0.5882352941176471,0.8181818181818181,1.0,0.14294750158127767,S1_S3
neg_type_x_pair,name_hard,name_wratio,1581,0.7996231614661125,0.6060606060606061,0.855,0.9,0.017710309930423784,S1_S3
neg_type_x_pair,name_hard,name_jaro_winkler,1581,0.7373935699879324,0.5833333333333334,0.7305044219744765,0.9043478260869565,0.017710309930423784,S1_S3
neg_type_x_pair,name_hard,name_len_s1,1581,23.70651486401012,14.0,24.0,33.0,0.0,S1_S3
neg_type_x_pair,name_hard,name_len_cand,1581,21.29158760278305,11.0,20.0,32.0,0.0,S1_S3
neg_type_x_pair,name_hard,name_len_ratio,1581,0.7480271701032429,0.46153846153846156,0.7894736842105263,0.9705882352941176,0.08918406072106262,S1_S3
neg_type_x_pair,name_hard,name_sorted_token_equal,1581,0.0196078431372549,0.0,0.0,0.0,0.0196078431372549,S1_S3
neg_type_x_pair,name_hard,addr_exact,1581,0.0,0.0,0.0,0.0,0.0,S1_S3
neg_type_x_pair,name_hard,addr_ratio,1581,0.32880392560261823,0.2524271844660194,0.3392857142857143,0.4107142857142857,0.0,S1_S3
neg_type_x_pair,name_hard,addr_token_jaccard,1581,0.013859306206444157,0.0,0.0,0.05555555555555555,0.0,S1_S3
neg_type_x_pair,name_hard,addr_containment_s1_in_cand,1581,0.0256483023718067,0.0,0.0,0.1111111111111111,0.0,S1_S3
neg_type_x_pair,name_hard,addr_containment_cand_in_s1,1581,0.027292432532311863,0.0,0.0,0.125,0.0,S1_S3
neg_type_x_pair,name_hard,addr_len_ratio,1581,0.6885015074380219,0.3522727272727273,0.7402597402597403,0.948051948051948,0.024667931688804556,S1_S3
neg_type_x_pair,name_hard,country_equal,1581,0.9089184060721063,1.0,1.0,1.0,0.9089184060721063,S1_S3
neg_type_x_pair,name_hard,s1_name_missing,1581,0.0,0.0,0.0,0.0,0.0,S1_S3
neg_type_x_pair,name_hard,cand_name_missing,1581,0.0,0.0,0.0,0.0,0.0,S1_S3
neg_type_x_pair,name_hard,s1_addr_missing,1581,0.0,0.0,0.0,0.0,0.0,S1_S3
neg_type_x_pair,name_hard,cand_addr_missing,1581,0.036685641998734975,0.0,0.0,0.0,0.036685641998734975,S1_S3
neg_type_x_pair,name_hard,either_addr_missing,1581,0.036685641998734975,0.0,0.0,0.0,0.036685641998734975,S1_S3
neg_type_x_pair,name_hard,numeric_exact_set,1581,0.0,0.0,0.0,0.0,0.0,S1_S3
neg_type_x_pair,name_hard,numeric_any_overlap,1581,0.005060088551549652,0.0,0.0,0.0,0.005060088551549652,S1_S3
neg_type_x_pair,name_hard,numeric_conflict,1581,0.8627450980392157,0.0,1.0,1.0,0.8627450980392157,S1_S3
neg_type_x_pair,name_hard,numeric_one_side_missing,1581,0.12776723592662872,0.0,0.0,1.0,0.12776723592662872,S1_S3
neg_type_x_pair,name_hard,numeric_both_missing,1581,0.004427577482605946,0.0,0.0,0.0,0.004427577482605946,S1_S3
neg_type_x_pair,name_hard,numeric_jaccard,1581,0.006272401433691756,0.0,0.0,0.0,0.004427577482605946,S1_S3
neg_type_x_pair,name_hard,postcode_any_overlap,1581,0.0,0.0,0.0,0.0,0.0,S1_S3
neg_type_x_pair,name_hard,postcode_both_present,1581,0.004427577482605946,0.0,0.0,0.0,0.004427577482605946,S1_S3
neg_type_x_pair,name_hard,house_number_agree,1581,0.0031625553447185324,0.0,0.0,0.0,0.0031625553447185324,S1_S3
neg_type_x_pair,random,name_exact,1479,0.0,0.0,0.0,0.0,0.0,S1_S2
neg_type_x_pair,random,name_ratio,1479,0.3157712871720792,0.19047619047619047,0.31999999999999995,0.4242424242424242,0.0,S1_S2
neg_type_x_pair,random,name_token_set,1479,0.32105009519049565,0.19293394777265754,0.32352941176470595,0.42857142857142855,0.0,S1_S2
neg_type_x_pair,random,name_wratio,1479,0.3669838426004201,0.25296078431372554,0.36,0.4736842105263159,0.0,S1_S2
neg_type_x_pair,random,name_jaro_winkler,1479,0.5330054368743985,0.42334017515052,0.537878787878788,0.6222746521476105,0.0,S1_S2
neg_type_x_pair,random,name_len_s1,1479,23.8052738336714,14.0,24.0,33.200000000000045,0.0,S1_S2
neg_type_x_pair,random,name_len_cand,1479,23.97025016903313,13.0,23.0,35.0,0.0,S1_S2
neg_type_x_pair,random,name_len_ratio,1479,0.6951573150238818,0.42857142857142855,0.7105263157894737,0.9444444444444444,0.03583502366463827,S1_S2
neg_type_x_pair,random,name_sorted_token_equal,1479,0.0,0.0,0.0,0.0,0.0,S1_S2
neg_type_x_pair,random,addr_exact,1479,0.0,0.0,0.0,0.0,0.0,S1_S2
neg_type_x_pair,random,addr_ratio,1479,0.31044000291276225,0.23390070921985814,0.3142857142857143,0.4,0.0,S1_S2
neg_type_x_pair,random,addr_token_jaccard,1479,0.009867869433526619,0.0,0.0,0.045454545454545456,0.0,S1_S2
neg_type_x_pair,random,addr_containment_s1_in_cand,1479,0.01839392095362612,0.0,0.0,0.08333333333333333,0.0,S1_S2
neg_type_x_pair,random,addr_containment_cand_in_s1,1479,0.019244178764224105,0.0,0.0,0.08333333333333333,0.0,S1_S2
neg_type_x_pair,random,addr_len_ratio,1479,0.6094383232515852,0.3145425361155698,0.6301369863013698,0.9303929430633521,0.01757944557133198,S1_S2
neg_type_x_pair,random,country_equal,1479,0.5125084516565247,0.0,1.0,1.0,0.5125084516565247,S1_S2
neg_type_x_pair,random,s1_name_missing,1479,0.0,0.0,0.0,0.0,0.0,S1_S2
neg_type_x_pair,random,cand_name_missing,1479,0.0,0.0,0.0,0.0,0.0,S1_S2
neg_type_x_pair,random,s1_addr_missing,1479,0.0,0.0,0.0,0.0,0.0,S1_S2
neg_type_x_pair,random,cand_addr_missing,1479,0.03515889114266396,0.0,0.0,0.0,0.03515889114266396,S1_S2
neg_type_x_pair,random,either_addr_missing,1479,0.03515889114266396,0.0,0.0,0.0,0.03515889114266396,S1_S2
neg_type_x_pair,random,numeric_exact_set,1479,0.001352265043948614,0.0,0.0,0.0,0.001352265043948614,S1_S2
neg_type_x_pair,random,numeric_any_overlap,1479,0.005409060175794456,0.0,0.0,0.0,0.005409060175794456,S1_S2
neg_type_x_pair,random,numeric_conflict,1479,0.8681541582150102,0.0,1.0,1.0,0.8681541582150102,S1_S2
neg_type_x_pair,random,numeric_one_side_missing,1479,0.12237998647734956,0.0,0.0,1.0,0.12237998647734956,S1_S2
neg_type_x_pair,random,numeric_both_missing,1479,0.004056795131845842,0.0,0.0,0.0,0.004056795131845842,S1_S2
neg_type_x_pair,random,numeric_jaccard,1479,0.006614829839981971,0.0,0.0,0.0,0.005409060175794456,S1_S2
neg_type_x_pair,random,postcode_any_overlap,1479,0.0,0.0,0.0,0.0,0.0,S1_S2
neg_type_x_pair,random,postcode_both_present,1479,0.002704530087897228,0.0,0.0,0.0,0.002704530087897228,S1_S2
neg_type_x_pair,random,house_number_agree,1479,0.002704530087897228,0.0,0.0,0.0,0.002704530087897228,S1_S2
neg_type_x_pair,random,name_exact,1521,0.0,0.0,0.0,0.0,0.0,S1_S3
neg_type_x_pair,random,name_ratio,1521,0.32667807641227864,0.21739130434782605,0.32432432432432434,0.4329896907216495,0.0,S1_S3
neg_type_x_pair,random,name_token_set,1521,0.3300671165111042,0.2142857142857143,0.32558139534883723,0.43333333333333335,0.0,S1_S3
neg_type_x_pair,random,name_wratio,1521,0.3808561152420981,0.2777777777777778,0.3703703703703704,0.48,0.0,S1_S3
neg_type_x_pair,random,name_jaro_winkler,1521,0.5413704353221597,0.44058450510063407,0.546129309287204,0.6315111903347197,0.0,S1_S3
neg_type_x_pair,random,name_len_s1,1521,24.28862590401052,14.0,24.0,33.0,0.0,S1_S3
neg_type_x_pair,random,name_len_cand,1521,24.897435897435898,14.0,24.0,37.0,0.0,S1_S3
neg_type_x_pair,random,name_len_ratio,1521,0.68635835529696,0.4090909090909091,0.7037037037037037,0.9393939393939394,0.034845496383957925,S1_S3
neg_type_x_pair,random,name_sorted_token_equal,1521,0.0,0.0,0.0,0.0,0.0,S1_S3
neg_type_x_pair,random,addr_exact,1521,0.0,0.0,0.0,0.0,0.0,S1_S3
neg_type_x_pair,random,addr_ratio,1521,0.313778411795029,0.24427480916030533,0.3191489361702128,0.3921568627450981,0.0,S1_S3
neg_type_x_pair,random,addr_token_jaccard,1521,0.0075866799138795534,0.0,0.0,0.037037037037037035,0.0,S1_S3
neg_type_x_pair,random,addr_containment_s1_in_cand,1521,0.014481872983011172,0.0,0.0,0.07142857142857142,0.0,S1_S3
neg_type_x_pair,random,addr_containment_cand_in_s1,1521,0.01544694056953771,0.0,0.0,0.06666666666666667,0.0,S1_S3
neg_type_x_pair,random,addr_len_ratio,1521,0.6402248558638702,0.34831460674157305,0.6571428571428571,0.9166666666666666,0.0190664036817883,S1_S3
neg_type_x_pair,random,country_equal,1521,0.5009861932938856,0.0,1.0,1.0,0.5009861932938856,S1_S3
neg_type_x_pair,random,s1_name_missing,1521,0.0,0.0,0.0,0.0,0.0,S1_S3
neg_type_x_pair,random,cand_name_missing,1521,0.0,0.0,0.0,0.0,0.0,S1_S3
neg_type_x_pair,random,s1_addr_missing,1521,0.0,0.0,0.0,0.0,0.0,S1_S3
neg_type_x_pair,random,cand_addr_missing,1521,0.026298487836949377,0.0,0.0,0.0,0.026298487836949377,S1_S3
neg_type_x_pair,random,either_addr_missing,1521,0.026298487836949377,0.0,0.0,0.0,0.026298487836949377,S1_S3
neg_type_x_pair,random,numeric_exact_set,1521,0.0,0.0,0.0,0.0,0.0,S1_S3
neg_type_x_pair,random,numeric_any_overlap,1521,0.0006574621959237344,0.0,0.0,0.0,0.0006574621959237344,S1_S3
neg_type_x_pair,random,numeric_conflict,1521,0.8994082840236687,0.0,1.0,1.0,0.8994082840236687,S1_S3
neg_type_x_pair,random,numeric_one_side_missing,1521,0.09664694280078895,0.0,0.0,0.0,0.09664694280078895,S1_S3
neg_type_x_pair,random,numeric_both_missing,1521,0.003287310979618672,0.0,0.0,0.0,0.003287310979618672,S1_S3
neg_type_x_pair,random,numeric_jaccard,1521,0.0033812341504649195,0.0,0.0,0.0,0.003287310979618672,S1_S3
neg_type_x_pair,random,postcode_any_overlap,1521,0.0,0.0,0.0,0.0,0.0,S1_S3
neg_type_x_pair,random,postcode_both_present,1521,0.0026298487836949377,0.0,0.0,0.0,0.0026298487836949377,S1_S3
neg_type_x_pair,random,house_number_agree,1521,0.0,0.0,0.0,0.0,0.0,S1_S3
