table,representation,n_records,n_unique,pct_unique,n_collision_groups,largest_cluster,mean_cluster_size
train_source1,raw_name,2206821.0,1539229.0,0.697487,177793.0,253.0,4.755
train_source1,norm_name,2206821.0,1522166.0,0.689755,180374.0,253.0,4.796
train_source1,raw_address,2206821.0,2130606.0,0.965464,40089.0,14.0,2.901
train_source1,norm_address,2206821.0,2130152.0,0.965258,40530.0,14.0,2.892
train_source1,raw_name_address,2206821.0,2206821.0,1.0,0.0,0.0,0.0
train_source1,norm_name_address,2206821.0,2206821.0,1.0,0.0,0.0,0.0
train_source1,norm_name_address_country,2206821.0,2206821.0,1.0,0.0,0.0,0.0
train_source1,aggr_name__sample200k,200000.0,154259.0,0.771295,13862.0,72.0,4.3
train_source1,aggr_address__sample200k,200000.0,198261.0,0.991305,1548.0,6.0,2.123
train_source2,raw_name,5034616.0,4402009.0,0.874349,239779.0,320.0,3.638
train_source2,norm_name,5034616.0,4030166.0,0.800491,391942.0,526.0,3.563
train_source2,raw_address,5034616.0,4337262.0,0.861488,421473.0,168967.0,2.655
train_source2,norm_address,5034616.0,4286084.0,0.851323,457290.0,168967.0,2.637
train_source2,raw_name_address,5034616.0,5008725.0,0.994857,25078.0,5.0,2.032
train_source2,norm_name_address,5034616.0,4967267.0,0.986623,64655.0,5.0,2.042
train_source2,norm_name_address_country,5034616.0,4967308.0,0.986631,64618.0,5.0,2.042
train_source2,aggr_name__sample200k,200000.0,179719.0,0.898595,10178.0,55.0,2.993
train_source2,aggr_address__sample200k,200000.0,191637.0,0.958185,1619.0,6718.0,6.166
train_source3,raw_name,5285603.0,4651609.0,0.880053,258276.0,421.0,3.455
train_source3,norm_name,5285603.0,4286720.0,0.811018,397583.0,521.0,3.512
train_source3,raw_address,5285603.0,4632765.0,0.876488,382891.0,175916.0,2.705
train_source3,norm_address,5285603.0,4616082.0,0.873331,392693.0,175916.0,2.705
train_source3,raw_name_address,5285603.0,5266722.0,0.996428,18402.0,4.0,2.026
train_source3,norm_name_address,5285603.0,5235499.0,0.990521,48269.0,4.0,2.038
train_source3,norm_name_address_country,5285603.0,5235532.0,0.990527,48237.0,4.0,2.038
train_source3,aggr_name__sample200k,200000.0,179379.0,0.896895,9791.0,51.0,3.106
train_source3,aggr_address__sample200k,200000.0,191852.0,0.95926,1505.0,6600.0,6.414
test_source1,raw_name,1732544.0,1238867.0,0.715057,129955.0,205.0,4.799
test_source1,norm_name,1732544.0,1229606.0,0.709711,131662.0,205.0,4.82
test_source1,raw_address,1732544.0,1677483.0,0.96822,31396.0,99.0,2.754
test_source1,norm_address,1732544.0,1673938.0,0.966173,34228.0,101.0,2.712
test_source1,raw_name_address,1732544.0,1732544.0,1.0,0.0,0.0,0.0
test_source1,norm_name_address,1732544.0,1732543.0,0.999999,1.0,2.0,2.0
test_source1,norm_name_address_country,1732544.0,1732543.0,0.999999,1.0,2.0,2.0
test_source1,aggr_name__sample200k,200000.0,153299.0,0.766495,14209.0,78.0,4.287
test_source1,aggr_address__sample200k,200000.0,197986.0,0.98993,1709.0,20.0,2.178
test_source2,raw_name,4887273.0,4311041.0,0.882095,223103.0,302.0,3.583
test_source2,norm_name,4887273.0,4011733.0,0.820853,353587.0,302.0,3.476
test_source2,raw_address,4887273.0,4224784.0,0.864446,444699.0,129408.0,2.49
test_source2,norm_address,4887273.0,4150706.0,0.849289,499149.0,129408.0,2.476
test_source2,raw_name_address,4887273.0,4864631.0,0.995367,21910.0,5.0,2.033
test_source2,norm_name_address,4887273.0,4831398.0,0.988567,53679.0,5.0,2.041
test_source2,norm_name_address_country,4887273.0,4831410.0,0.98857,53668.0,5.0,2.041
test_source2,aggr_name__sample200k,200000.0,181818.0,0.90909,10033.0,40.0,2.812
test_source2,aggr_address__sample200k,200000.0,192946.0,0.96473,1802.0,5207.0,4.915
test_source3,raw_name,5082316.0,4521929.0,0.889738,238156.0,387.0,3.353
test_source3,norm_name,5082316.0,4219364.0,0.830205,355743.0,387.0,3.426
test_source3,raw_address,5082316.0,4456436.0,0.876851,404757.0,136098.0,2.546
test_source3,norm_address,5082316.0,4416459.0,0.868986,430637.0,136098.0,2.546
test_source3,raw_name_address,5082316.0,5066011.0,0.996792,15873.0,4.0,2.027
test_source3,norm_name_address,5082316.0,5040748.0,0.991821,40052.0,4.0,2.038
test_source3,norm_name_address_country,5082316.0,5040770.0,0.991825,40031.0,4.0,2.038
test_source3,aggr_name__sample200k,200000.0,180951.0,0.904755,9784.0,46.0,2.947
test_source3,aggr_address__sample200k,200000.0,192834.0,0.96417,1715.0,5370.0,5.178
