table,country,n,n_sampled,name_len_mean,addr_len_mean,name_digit_mean,addr_digit_mean,name_punct_mean,addr_punct_mean,name_nonascii_mean,addr_nonascii_mean,name_tok_mean,addr_tok_mean,addr_numtok_mean,missing_name_rate,missing_addr_rate,char_ngram_coverage_vs_train,char_ngram_oov_vs_train,token_coverage_vs_train
test_source1,France,259452,4000,19.427,49.9577,0.017,1.9717,0.2432,3.4998,0.0089,0.0064,3.1145,7.183,1.0263,0.0,0.0,0.870691,0.129309,0.19652
test_source1,India,809986,4000,26.2087,77.6925,0.0065,3.828,0.2115,6.4465,0.0,0.0,3.7353,11.2242,1.5475,0.0,0.0,0.90224,0.09776,0.467105
test_source1,US,663106,4000,22.4615,35.1163,0.0658,4.2482,0.4677,2.184,0.0,0.0,3.4148,5.9125,1.2953,0.0,0.0,0.973996,0.026004,0.602176
test_source2,France,703378,4000,21.0708,39.4708,0.0227,1.9387,0.5333,2.8015,0.0131,0.0073,3.0957,6.1768,0.9597,0.0,0.030619,0.814171,0.185829,0.184278
test_source2,India,2312565,4000,27.9232,68.815,0.0912,4.1645,3.267,6.5762,0.2208,0.0311,3.7793,10.1683,1.6167,0.0,0.022816,0.859565,0.140435,0.464092
test_source2,US,1871330,4000,24.3508,31.7333,0.1775,3.8032,0.7215,2.2437,0.0034,0.0,3.4795,5.4493,1.0782,0.0,0.029448,0.919002,0.080998,0.510602
test_source3,France,731615,4000,21.2065,39.9265,0.0123,1.954,0.5353,2.818,0.0134,0.0069,3.122,6.2355,0.9637,0.0,0.029443,0.815697,0.184303,0.187491
test_source3,India,2405000,4000,27.8532,59.4925,0.0838,3.7742,2.0215,6.2222,0.1189,0.0347,3.797,9.2093,1.465,0.0,0.024632,0.875601,0.124399,0.46875
test_source3,US,1945701,4000,24.433,38.9525,0.1583,4.0035,0.653,2.417,0.0032,0.0,3.5235,5.9655,1.1798,0.0,0.02843,0.924168,0.075832,0.515421
train_source1,India,883188,4000,26.2883,77.7867,0.0043,3.841,0.2028,6.4713,0.0,0.0,3.7212,11.2335,1.5605,0.0,0.0,0.901259,0.098741,0.475164
train_source1,US,1323633,4000,22.284,34.8503,0.0725,4.1707,0.474,2.1772,0.0,0.0,3.3828,5.8845,1.279,0.0,0.0,0.97148,0.02852,0.601445
train_source2,India,2017799,4000,27.5263,67.7498,0.0722,4.1128,3.0835,6.5527,0.2041,0.0321,3.7123,10.0267,1.6082,0.0,0.028668,0.86994,0.13006,0.464496
train_source2,US,3016817,4000,23.563,31.5542,0.174,3.7955,0.695,2.227,0.0039,0.0,3.3523,5.4405,1.0813,0.0,0.036834,0.916461,0.083539,0.508077
train_source3,India,2115547,4000,26.8912,59.3083,0.0895,3.7843,1.8422,6.207,0.1079,0.032,3.6765,9.164,1.451,0.0,0.0307,0.887927,0.112073,0.479936
train_source3,US,3170056,4000,24.055,38.6283,0.158,3.9865,0.6975,2.4108,0.0036,0.0,3.407,5.918,1.1843,0.0,0.035005,0.918737,0.081263,0.511242
