table,representation,backend,n_records,n_unique,pct_unique,n_collision_groups,largest_cluster,mean_cluster_size,n_empty,n_cross_script_groups,largest_cross_script_group
train_source1,raw_name,builtin,100000.0,90561.0,0.90561,5546.0,20.0,2.702,0,0,0
train_source1,norm_name,builtin,100000.0,90062.0,0.90062,5686.0,20.0,2.748,0,0,0
train_source1,raw_address,builtin,100000.0,99680.0,0.9968,312.0,3.0,2.026,0,0,0
train_source1,norm_address,builtin,100000.0,99680.0,0.9968,312.0,3.0,2.026,0,0,0
train_source1,translit_name,builtin,100000.0,90561.0,0.90561,5546.0,20.0,2.702,0,0,0
train_source1,translit_address,builtin,100000.0,99680.0,0.9968,312.0,3.0,2.026,0,0,0
train_source2,raw_name,builtin,100000.0,98756.0,0.98756,1036.0,10.0,2.201,0,0,0
train_source2,norm_name,builtin,100000.0,97701.0,0.97701,1773.0,16.0,2.297,0,0,0
train_source2,raw_address,builtin,100000.0,96382.0,0.96382,273.0,3344.0,14.253,3344,0,0
train_source2,norm_address,builtin,100000.0,96366.0,0.96366,289.0,3344.0,13.574,3344,0,0
train_source2,translit_name,builtin,100000.0,98642.0,0.98642,1122.0,11.0,2.21,0,0,0
train_source2,translit_address,builtin,100000.0,96382.0,0.96382,273.0,3344.0,14.253,3344,0,0
train_source3,raw_name,builtin,100000.0,98785.0,0.98785,959.0,8.0,2.267,0,0,0
train_source3,norm_name,builtin,100000.0,97826.0,0.97826,1643.0,10.0,2.323,0,0,0
train_source3,raw_address,builtin,100000.0,96413.0,0.96413,237.0,3351.0,16.135,3351,0,0
train_source3,norm_address,builtin,100000.0,96403.0,0.96403,247.0,3351.0,15.563,3351,0,0
train_source3,translit_name,builtin,100000.0,98662.0,0.98662,1046.0,8.0,2.279,0,0,0
train_source3,translit_address,builtin,100000.0,96413.0,0.96413,237.0,3351.0,16.135,3351,0,0
test_source1,raw_name,builtin,100000.0,90376.0,0.90376,5928.0,13.0,2.623,0,0,0
test_source1,norm_name,builtin,100000.0,90068.0,0.90068,6064.0,13.0,2.638,0,0,0
test_source1,raw_address,builtin,100000.0,99665.0,0.99665,302.0,8.0,2.109,0,0,0
test_source1,norm_address,builtin,100000.0,99644.0,0.99644,317.0,8.0,2.123,0,0,0
test_source1,translit_name,builtin,100000.0,90361.0,0.90361,5935.0,13.0,2.624,0,0,0
test_source1,translit_address,builtin,100000.0,99665.0,0.99665,302.0,8.0,2.109,0,0,0
test_source2,raw_name,builtin,100000.0,98810.0,0.9881,1006.0,7.0,2.183,0,0,0
test_source2,norm_name,builtin,100000.0,98130.0,0.9813,1528.0,7.0,2.224,0,0,0
test_source2,raw_address,builtin,100000.0,97117.0,0.97117,268.0,2614.0,11.757,2614,0,0
test_source2,norm_address,builtin,100000.0,97071.0,0.97071,310.0,2614.0,10.448,2614,0,0
test_source2,translit_name,builtin,100000.0,98730.0,0.9873,1067.0,7.0,2.19,0,0,0
test_source2,translit_address,builtin,100000.0,97114.0,0.97114,271.0,2614.0,11.649,2614,0,0
test_source3,raw_name,builtin,100000.0,98933.0,0.98933,844.0,9.0,2.264,0,0,0
test_source3,norm_name,builtin,100000.0,98294.0,0.98294,1350.0,9.0,2.264,0,0,0
test_source3,raw_address,builtin,100000.0,97131.0,0.97131,242.0,2623.0,12.855,2623,0,0
test_source3,norm_address,builtin,100000.0,97094.0,0.97094,277.0,2623.0,11.491,2623,0,0
test_source3,translit_name,builtin,100000.0,98833.0,0.98833,922.0,9.0,2.266,0,0,0
test_source3,translit_address,builtin,100000.0,97128.0,0.97128,245.0,2623.0,12.722,2623,0,0
