table,country,n,n_sampled,name_nonascii_rate,addr_nonascii_rate,name_len_mean,addr_len_mean,name_alpha_mean,name_digit_mean,name_punct_mean,name_space_mean,addr_alpha_mean,addr_digit_mean,addr_punct_mean,addr_space_mean,name_unique_chars,addr_unique_chars,name_latin_share,name_deva_share,name_cyrl_share,name_arab_share,name_mixed_share,name_other_share,addr_latin_share,addr_deva_share,addr_cyrl_share,addr_arab_share,addr_mixed_share,addr_other_share,name_trigram_vocab,addr_trigram_vocab
test_source1,France,259452,4000,0.157212,0.282653,19.281,50.071,16.899,0.01,0.265,2.107,38.327,1.992,3.519,6.233,71,83,1.0,0.0,0.0,0.0,0.0,0.0,1.0,0.0,0.0,0.0,0.0,0.0,4165,6033
test_source1,India,809986,4000,0.0,0.000574,26.368,77.275,23.398,0.004,0.208,2.759,56.784,3.867,6.423,10.202,68,84,1.0,0.0,0.0,0.0,0.0,0.0,1.0,0.0,0.0,0.0,0.0,0.0,5179,15895
test_source1,US,663106,4000,0.0,0.0,22.397,34.913,19.456,0.083,0.455,2.404,23.654,4.178,2.18,4.9,73,71,1.0,0.0,0.0,0.0,0.0,0.0,1.0,0.0,0.0,0.0,0.0,0.0,6659,9932
test_source2,France,703378,4000,0.245411,0.240501,20.939,39.7,18.194,0.015,0.56,2.171,29.754,1.929,2.758,5.26,96,82,1.0,0.0,0.0,0.0,0.0,0.0,0.95925,0.0,0.0,0.0,0.01475,0.0,5721,7380
test_source2,India,2312565,4000,0.27615,0.238463,28.127,68.713,21.951,0.079,3.21,2.887,48.812,4.149,6.584,9.168,449,162,0.7655,0.12475,0.0,0.0,0.0105,0.09925,0.7435,0.0,0.0,0.0,0.23575,0.0,11816,16687
test_source2,US,1871330,4000,0.062483,2.2e-05,24.116,31.984,20.671,0.156,0.698,2.592,21.335,3.838,2.255,4.556,91,73,1.0,0.0,0.0,0.0,0.0,0.0,0.9735,0.0,0.0,0.0,0.0,0.0,9451,10879
test_source3,France,731615,4000,0.23945,0.24318,21.206,39.898,18.439,0.015,0.546,2.206,29.872,1.959,2.785,5.281,92,87,1.0,0.0,0.0,0.0,0.0,0.0,0.95875,0.0,0.0,0.0,0.01375,0.0,6037,7308
test_source3,India,2405000,4000,0.18208,0.22922,27.802,59.104,22.827,0.072,2.01,2.893,40.993,3.783,6.191,8.137,431,163,0.8595,0.0695,0.0,0.0,0.017,0.054,0.74125,0.00025,0.0,0.0,0.22975,0.0,10827,15921
test_source3,US,1945701,4000,0.06395,1.7e-05,24.622,38.907,21.166,0.14,0.701,2.614,27.433,4.073,2.421,4.981,91,73,1.0,0.0,0.0,0.0,0.0,0.0,0.971,0.0,0.0,0.0,0.0,0.0,9549,11085
train_source1,India,883188,4000,0.0,0.000627,26.38,77.703,23.41,0.004,0.227,2.739,57.103,3.906,6.486,10.207,65,80,1.0,0.0,0.0,0.0,0.0,0.0,1.0,0.0,0.0,0.0,0.0,0.0,5192,15964
train_source1,US,1323633,4000,0.0,0.0,22.752,34.858,19.786,0.068,0.466,2.433,23.689,4.114,2.172,4.882,72,73,1.0,0.0,0.0,0.0,0.0,0.0,1.0,0.0,0.0,0.0,0.0,0.0,6654,9972
train_source2,India,2017799,4000,0.278738,0.237088,27.38,67.678,21.328,0.082,3.148,2.821,47.922,4.111,6.577,9.069,449,159,0.76425,0.13475,0.0,0.0,0.009,0.092,0.73,0.0,0.0,0.0,0.2395,0.0,11610,16879
train_source2,US,3016817,4000,0.067015,1.9e-05,23.678,31.633,20.289,0.179,0.713,2.496,21.126,3.769,2.23,4.509,91,72,1.0,0.0,0.0,0.0,0.0,0.0,0.962,0.0,0.0,0.0,0.0,0.0,9514,10736
train_source3,India,2115547,4000,0.184903,0.225254,26.851,59.242,22.088,0.091,1.89,2.782,41.011,3.835,6.239,8.157,442,168,0.87225,0.06075,0.0,0.0,0.017,0.05,0.7485,0.0,0.0,0.0,0.21675,0.0,11043,15905
train_source3,US,3170056,4000,0.068,1.6e-05,23.906,38.678,20.508,0.151,0.745,2.501,27.292,4.014,2.403,4.97,91,73,1.0,0.0,0.0,0.0,0.0,0.0,0.966,0.0,0.0,0.0,0.0,0.0,9576,11105
