script_bucket,class,n,word_jaccard_mean,word_jaccard_p50,token_set_p50,en_suffix_shared_rate,en_stopword_shared_rate,indic_suffix_shared_rate,stopword_only_overlap_rate,name_exact_rate
cross_latin_deva,positive,212,0.0,0.0,0.111111,0.0,0.0,0.0,0.0,0.0
cross_latin_deva,address_hard,294,0.0,0.0,0.111111,0.0,0.0,0.0,0.0,0.0
cross_latin_deva,hybrid_hard,3,0.0,0.0,0.076923,0.0,0.0,0.0,0.0,0.0
cross_latin_deva,random,82,0.0,0.0,0.115427,0.0,0.0,0.0,0.0,0.0
cross_other,positive,175,0.0,0.0,0.113208,0.0,0.0,0.0,0.0,0.0
cross_other,address_hard,189,0.0,0.0,0.113208,0.0,0.0,0.0,0.0,0.0
cross_other,hybrid_hard,8,0.0,0.0,0.095238,0.0,0.0,0.0,0.0,0.0
cross_other,random,78,0.0,0.0,0.112159,0.0,0.0,0.0,0.0,0.0
latin_latin,positive,5583,0.658318,0.666667,1.0,0.441877,0.087946,0.0,0.0,0.229447
latin_latin,name_hard,2922,0.35538,0.333333,0.8,0.336413,0.042094,0.0,0.003422,0.013347
latin_latin,address_hard,2501,0.031629,0.0,0.333333,0.147141,0.006397,0.0,0.005198,0.0
latin_latin,hybrid_hard,1953,0.300296,0.25,0.75,0.316948,0.038914,0.0,0.003584,0.014337
latin_latin,random,2830,0.015879,0.0,0.333333,0.073852,0.003887,0.0,0.003887,0.0
mixed_or_uninformative,positive,30,0.237159,0.211111,0.725564,0.433333,0.0,0.0,0.0,0.0
mixed_or_uninformative,name_hard,78,0.372339,0.428571,0.896552,0.858974,0.0,0.0,0.0,0.0
mixed_or_uninformative,address_hard,16,0.054861,0.0,0.231033,0.1875,0.0,0.0,0.0,0.0
mixed_or_uninformative,hybrid_hard,36,0.272013,0.25,0.859259,0.611111,0.0,0.0,0.0,0.0
mixed_or_uninformative,random,10,0.024359,0.0,0.256536,0.2,0.0,0.0,0.0,0.0
