representation,granularity,bucket,n,mean,p10,p50,p90
word_token,1-grams(words),pos_latin_latin,5583,0.658318,0.25,0.666667,1.0
word_token,1-grams(words),pos_cross,387,0.0,0.0,0.0,0.0
word_token,1-grams(words),pos_other,30,0.237159,0.1,0.211111,0.41
word_token,1-grams(words),hard_neg,8000,0.217965,0.0,0.166667,0.6
word_token,1-grams(words),random_neg,3000,0.01506,0.0,0.0,0.0
char_2-4,"2,3,4",pos_latin_latin,5583,0.70221,0.366016,0.72619,1.0
char_2-4,"2,3,4",pos_cross,387,0.0,0.0,0.0,0.0
char_2-4,"2,3,4",pos_other,30,0.376767,0.055085,0.370478,0.621496
char_2-4,"2,3,4",hard_neg,8000,0.24725,0.0,0.210526,0.595745
char_2-4,"2,3,4",random_neg,3000,0.029299,0.0,0.017094,0.058072
char_3-5,"3,4,5",pos_latin_latin,5583,0.661295,0.285714,0.68,1.0
char_3-5,"3,4,5",pos_cross,387,0.0,0.0,0.0,0.0
char_3-5,"3,4,5",pos_other,30,0.343038,0.019786,0.35,0.603636
char_3-5,"3,4,5",hard_neg,8000,0.212959,0.0,0.161631,0.551724
char_3-5,"3,4,5",random_neg,3000,0.011019,0.0,0.0,0.016169
char_3-6,"3,4,5,6",pos_latin_latin,5583,0.645043,0.253731,0.661017,1.0
char_3-6,"3,4,5,6",pos_cross,387,0.0,0.0,0.0,0.0
char_3-6,"3,4,5,6",pos_other,30,0.328121,0.015694,0.339394,0.590377
char_3-6,"3,4,5,6",hard_neg,8000,0.20092,0.0,0.142857,0.531316
char_3-6,"3,4,5,6",random_neg,3000,0.009673,0.0,0.0,0.012658
